"TIME","GEO","UNIT","ROADUSER","Value"
"2005","Belgium","Number","Driver","808"
"2005","Belgium","Number","Passenger","173"
"2005","Belgium","Number","Pedestrian","108"
"2005","Bulgaria","Number","Driver",":"
"2005","Bulgaria","Number","Passenger",":"
"2005","Bulgaria","Number","Pedestrian",":"
"2005","Czech Republic","Number","Driver","711"
"2005","Czech Republic","Number","Passenger","277"
"2005","Czech Republic","Number","Pedestrian","298"
"2005","Denmark","Number","Driver","233"
"2005","Denmark","Number","Passenger","53"
"2005","Denmark","Number","Pedestrian","44"
"2005","Germany (until 1990 former territory of the FRG)","Number","Driver","3,853"
"2005","Germany (until 1990 former territory of the FRG)","Number","Passenger","822"
"2005","Germany (until 1990 former territory of the FRG)","Number","Pedestrian","686"
"2005","Estonia","Number","Driver","82"
"2005","Estonia","Number","Passenger","36"
"2005","Estonia","Number","Pedestrian","50"
"2005","Ireland","Number","Driver","233"
"2005","Ireland","Number","Passenger","95"
"2005","Ireland","Number","Pedestrian","72"
"2005","Greece","Number","Driver","1,053"
"2005","Greece","Number","Passenger","371"
"2005","Greece","Number","Pedestrian","234"
"2005","Spain","Number","Driver","2,739"
"2005","Spain","Number","Passenger","1,023"
"2005","Spain","Number","Pedestrian","680"
"2005","France","Number","Driver","3,699"
"2005","France","Number","Passenger","984"
"2005","France","Number","Pedestrian","635"
"2005","Croatia","Number","Driver",":"
"2005","Croatia","Number","Passenger",":"
"2005","Croatia","Number","Pedestrian",":"
"2005","Italy","Number","Driver","3,895"
"2005","Italy","Number","Passenger","1,137"
"2005","Italy","Number","Pedestrian","786"
"2005","Cyprus","Number","Driver","59"
"2005","Cyprus","Number","Passenger","20"
"2005","Cyprus","Number","Pedestrian","23"
"2005","Latvia","Number","Driver","163"
"2005","Latvia","Number","Passenger","105"
"2005","Latvia","Number","Pedestrian","174"
"2005","Lithuania","Number","Driver",":"
"2005","Lithuania","Number","Passenger",":"
"2005","Lithuania","Number","Pedestrian",":"
"2005","Luxembourg","Number","Driver","34"
"2005","Luxembourg","Number","Passenger","11"
"2005","Luxembourg","Number","Pedestrian","2"
"2005","Hungary","Number","Driver","697"
"2005","Hungary","Number","Passenger","292"
"2005","Hungary","Number","Pedestrian","289"
"2005","Malta","Number","Driver","5"
"2005","Malta","Number","Passenger","6"
"2005","Malta","Number","Pedestrian","6"
"2005","Netherlands","Number","Driver","565"
"2005","Netherlands","Number","Passenger","102"
"2005","Netherlands","Number","Pedestrian","83"
"2005","Austria","Number","Driver","544"
"2005","Austria","Number","Passenger","127"
"2005","Austria","Number","Pedestrian","97"
"2005","Poland","Number","Driver","2,472"
"2005","Poland","Number","Passenger","1,216"
"2005","Poland","Number","Pedestrian","1,756"
"2005","Portugal","Number","Driver","768"
"2005","Portugal","Number","Passenger","264"
"2005","Portugal","Number","Pedestrian","214"
"2005","Romania","Number","Driver","940"
"2005","Romania","Number","Passenger","709"
"2005","Romania","Number","Pedestrian","978"
"2005","Slovenia","Number","Driver","165"
"2005","Slovenia","Number","Passenger","55"
"2005","Slovenia","Number","Pedestrian","37"
"2005","Slovakia","Number","Driver","287"
"2005","Slovakia","Number","Passenger","145"
"2005","Slovakia","Number","Pedestrian","174"
"2005","Finland","Number","Driver","260"
"2005","Finland","Number","Passenger","74"
"2005","Finland","Number","Pedestrian","45"
"2005","Sweden","Number","Driver","300"
"2005","Sweden","Number","Passenger","88"
"2005","Sweden","Number","Pedestrian","50"
"2005","United Kingdom","Number","Driver","2,002"
"2005","United Kingdom","Number","Passenger","635"
"2005","United Kingdom","Number","Pedestrian","699"
"2005","Iceland","Number","Driver","14"
"2005","Iceland","Number","Passenger","4"
"2005","Iceland","Number","Pedestrian","1"
"2005","Liechtenstein","Number","Driver",":"
"2005","Liechtenstein","Number","Passenger",":"
"2005","Liechtenstein","Number","Pedestrian",":"
"2005","Norway","Number","Driver","140"
"2005","Norway","Number","Passenger","52"
"2005","Norway","Number","Pedestrian","32"
"2005","Switzerland","Number","Driver","275"
"2005","Switzerland","Number","Passenger","65"
"2005","Switzerland","Number","Pedestrian","69"
"2006","Belgium","Number","Driver","805"
"2006","Belgium","Number","Passenger","141"
"2006","Belgium","Number","Pedestrian","122"
"2006","Bulgaria","Number","Driver",":"
"2006","Bulgaria","Number","Passenger",":"
"2006","Bulgaria","Number","Pedestrian",":"
"2006","Czech Republic","Number","Driver","639"
"2006","Czech Republic","Number","Passenger","222"
"2006","Czech Republic","Number","Pedestrian","202"
"2006","Denmark","Number","Driver","200"
"2006","Denmark","Number","Passenger","46"
"2006","Denmark","Number","Pedestrian","60"
"2006","Germany (until 1990 former territory of the FRG)","Number","Driver","3,589"
"2006","Germany (until 1990 former territory of the FRG)","Number","Passenger","791"
"2006","Germany (until 1990 former territory of the FRG)","Number","Pedestrian","711"
"2006","Estonia","Number","Driver","100"
"2006","Estonia","Number","Passenger","36"
"2006","Estonia","Number","Pedestrian","64"
"2006","Ireland","Number","Driver","203"
"2006","Ireland","Number","Passenger","90"
"2006","Ireland","Number","Pedestrian","72"
"2006","Greece","Number","Driver","1,077"
"2006","Greece","Number","Passenger","313"
"2006","Greece","Number","Pedestrian","267"
"2006","Spain","Number","Driver","2,569"
"2006","Spain","Number","Passenger","921"
"2006","Spain","Number","Pedestrian","614"
"2006","France","Number","Driver","3,326"
"2006","France","Number","Passenger","848"
"2006","France","Number","Pedestrian","535"
"2006","Croatia","Number","Driver",":"
"2006","Croatia","Number","Passenger",":"
"2006","Croatia","Number","Pedestrian",":"
"2006","Italy","Number","Driver","3,748"
"2006","Italy","Number","Passenger","1,163"
"2006","Italy","Number","Pedestrian","758"
"2006","Cyprus","Number","Driver","52"
"2006","Cyprus","Number","Passenger","15"
"2006","Cyprus","Number","Pedestrian","19"
"2006","Latvia","Number","Driver","172"
"2006","Latvia","Number","Passenger","82"
"2006","Latvia","Number","Pedestrian","153"
"2006","Lithuania","Number","Driver",":"
"2006","Lithuania","Number","Passenger",":"
"2006","Lithuania","Number","Pedestrian",":"
"2006","Luxembourg","Number","Driver","27"
"2006","Luxembourg","Number","Passenger","6"
"2006","Luxembourg","Number","Pedestrian","10"
"2006","Hungary","Number","Driver","723"
"2006","Hungary","Number","Passenger","284"
"2006","Hungary","Number","Pedestrian","296"
"2006","Malta","Number","Driver","6"
"2006","Malta","Number","Passenger","1"
"2006","Malta","Number","Pedestrian","4"
"2006","Netherlands","Number","Driver","558"
"2006","Netherlands","Number","Passenger","106"
"2006","Netherlands","Number","Pedestrian","66"
"2006","Austria","Number","Driver","501"
"2006","Austria","Number","Passenger","119"
"2006","Austria","Number","Pedestrian","110"
"2006","Poland","Number","Driver","2,294"
"2006","Poland","Number","Passenger","1,147"
"2006","Poland","Number","Pedestrian","1,802"
"2006","Portugal","Number","Driver","628"
"2006","Portugal","Number","Passenger","185"
"2006","Portugal","Number","Pedestrian","156"
"2006","Romania","Number","Driver","908"
"2006","Romania","Number","Passenger","645"
"2006","Romania","Number","Pedestrian","1,034"
"2006","Slovenia","Number","Driver","171"
"2006","Slovenia","Number","Passenger","55"
"2006","Slovenia","Number","Pedestrian","36"
"2006","Slovakia","Number","Driver","266"
"2006","Slovakia","Number","Passenger","134"
"2006","Slovakia","Number","Pedestrian","214"
"2006","Finland","Number","Driver","233"
"2006","Finland","Number","Passenger","54"
"2006","Finland","Number","Pedestrian","49"
"2006","Sweden","Number","Driver","305"
"2006","Sweden","Number","Passenger","81"
"2006","Sweden","Number","Pedestrian","55"
"2006","United Kingdom","Number","Driver","1,953"
"2006","United Kingdom","Number","Passenger","648"
"2006","United Kingdom","Number","Pedestrian","697"
"2006","Iceland","Number","Driver","19"
"2006","Iceland","Number","Passenger","8"
"2006","Iceland","Number","Pedestrian","4"
"2006","Liechtenstein","Number","Driver","0"
"2006","Liechtenstein","Number","Passenger","0"
"2006","Liechtenstein","Number","Pedestrian","0"
"2006","Norway","Number","Driver","166"
"2006","Norway","Number","Passenger","40"
"2006","Norway","Number","Pedestrian","36"
"2006","Switzerland","Number","Driver","243"
"2006","Switzerland","Number","Passenger","51"
"2006","Switzerland","Number","Pedestrian","76"
"2007","Belgium","Number","Driver","834"
"2007","Belgium","Number","Passenger","132"
"2007","Belgium","Number","Pedestrian","104"
"2007","Bulgaria","Number","Driver",":"
"2007","Bulgaria","Number","Passenger",":"
"2007","Bulgaria","Number","Pedestrian",":"
"2007","Czech Republic","Number","Driver","752"
"2007","Czech Republic","Number","Passenger","237"
"2007","Czech Republic","Number","Pedestrian","232"
"2007","Denmark","Number","Driver","281"
"2007","Denmark","Number","Passenger","57"
"2007","Denmark","Number","Pedestrian","68"
"2007","Germany (until 1990 former territory of the FRG)","Number","Driver","3,518"
"2007","Germany (until 1990 former territory of the FRG)","Number","Passenger","736"
"2007","Germany (until 1990 former territory of the FRG)","Number","Pedestrian","695"
"2007","Estonia","Number","Driver","105"
"2007","Estonia","Number","Passenger","49"
"2007","Estonia","Number","Pedestrian","38"
"2007","Ireland","Number","Driver","186"
"2007","Ireland","Number","Passenger","71"
"2007","Ireland","Number","Pedestrian","81"
"2007","Greece","Number","Driver","1,013"
"2007","Greece","Number","Passenger","344"
"2007","Greece","Number","Pedestrian","255"
"2007","Spain","Number","Driver","2,424"
"2007","Spain","Number","Passenger","807"
"2007","Spain","Number","Pedestrian","591"
"2007","France","Number","Driver","3,239"
"2007","France","Number","Passenger","820"
"2007","France","Number","Pedestrian","561"
"2007","Croatia","Number","Driver","337"
"2007","Croatia","Number","Passenger","158"
"2007","Croatia","Number","Pedestrian","124"
"2007","Italy","Number","Driver","3,645"
"2007","Italy","Number","Passenger","859"
"2007","Italy","Number","Pedestrian","627"
"2007","Cyprus","Number","Driver","59"
"2007","Cyprus","Number","Passenger","13"
"2007","Cyprus","Number","Pedestrian","17"
"2007","Latvia","Number","Driver","176"
"2007","Latvia","Number","Passenger","85"
"2007","Latvia","Number","Pedestrian","158"
"2007","Lithuania","Number","Driver",":"
"2007","Lithuania","Number","Passenger",":"
"2007","Lithuania","Number","Pedestrian",":"
"2007","Luxembourg","Number","Driver","29"
"2007","Luxembourg","Number","Passenger","10"
"2007","Luxembourg","Number","Pedestrian","7"
"2007","Hungary","Number","Driver","687"
"2007","Hungary","Number","Passenger","257"
"2007","Hungary","Number","Pedestrian","288"
"2007","Malta","Number","Driver","8"
"2007","Malta","Number","Passenger","1"
"2007","Malta","Number","Pedestrian","3"
"2007","Netherlands","Number","Driver","518"
"2007","Netherlands","Number","Passenger","105"
"2007","Netherlands","Number","Pedestrian","86"
"2007","Austria","Number","Driver","474"
"2007","Austria","Number","Passenger","109"
"2007","Austria","Number","Pedestrian","108"
"2007","Poland","Number","Driver","2,440"
"2007","Poland","Number","Passenger","1,192"
"2007","Poland","Number","Pedestrian","1,951"
"2007","Portugal","Number","Driver","605"
"2007","Portugal","Number","Passenger","212"
"2007","Portugal","Number","Pedestrian","156"
"2007","Romania","Number","Driver","999"
"2007","Romania","Number","Passenger","687"
"2007","Romania","Number","Pedestrian","1,113"
"2007","Slovenia","Number","Driver","196"
"2007","Slovenia","Number","Passenger","64"
"2007","Slovenia","Number","Pedestrian","32"
"2007","Slovakia","Number","Driver","321"
"2007","Slovakia","Number","Passenger","123"
"2007","Slovakia","Number","Pedestrian","217"
"2007","Finland","Number","Driver","263"
"2007","Finland","Number","Passenger","69"
"2007","Finland","Number","Pedestrian","48"
"2007","Sweden","Number","Driver","321"
"2007","Sweden","Number","Passenger","89"
"2007","Sweden","Number","Pedestrian","58"
"2007","United Kingdom","Number","Driver","1,819"
"2007","United Kingdom","Number","Passenger","577"
"2007","United Kingdom","Number","Pedestrian","663"
"2007","Iceland","Number","Driver","13"
"2007","Iceland","Number","Passenger","1"
"2007","Iceland","Number","Pedestrian","1"
"2007","Liechtenstein","Number","Driver","0"
"2007","Liechtenstein","Number","Passenger","0"
"2007","Liechtenstein","Number","Pedestrian","0"
"2007","Norway","Number","Driver","157"
"2007","Norway","Number","Passenger","53"
"2007","Norway","Number","Pedestrian","23"
"2007","Switzerland","Number","Driver","261"
"2007","Switzerland","Number","Passenger","44"
"2007","Switzerland","Number","Pedestrian","79"
"2008","Belgium","Number","Driver","692"
"2008","Belgium","Number","Passenger","151"
"2008","Belgium","Number","Pedestrian","99"
"2008","Bulgaria","Number","Driver","475"
"2008","Bulgaria","Number","Passenger","308"
"2008","Bulgaria","Number","Pedestrian","278"
"2008","Czech Republic","Number","Driver","629"
"2008","Czech Republic","Number","Passenger","209"
"2008","Czech Republic","Number","Pedestrian","238"
"2008","Denmark","Number","Driver","288"
"2008","Denmark","Number","Passenger","60"
"2008","Denmark","Number","Pedestrian","58"
"2008","Germany (until 1990 former territory of the FRG)","Number","Driver","3,119"
"2008","Germany (until 1990 former territory of the FRG)","Number","Passenger","705"
"2008","Germany (until 1990 former territory of the FRG)","Number","Pedestrian","653"
"2008","Estonia","Number","Driver","60"
"2008","Estonia","Number","Passenger","30"
"2008","Estonia","Number","Pedestrian","41"
"2008","Ireland","Number","Driver","171"
"2008","Ireland","Number","Passenger","60"
"2008","Ireland","Number","Pedestrian","49"
"2008","Greece","Number","Driver","1,020"
"2008","Greece","Number","Passenger","285"
"2008","Greece","Number","Pedestrian","248"
"2008","Spain","Number","Driver","1,928"
"2008","Spain","Number","Passenger","668"
"2008","Spain","Number","Pedestrian","502"
"2008","France","Number","Driver","2,977"
"2008","France","Number","Passenger","750"
"2008","France","Number","Pedestrian","548"
"2008","Croatia","Number","Driver","373"
"2008","Croatia","Number","Passenger","154"
"2008","Croatia","Number","Pedestrian","136"
"2008","Italy","Number","Driver","3,299"
"2008","Italy","Number","Passenger","780"
"2008","Italy","Number","Pedestrian","646"
"2008","Cyprus","Number","Driver","55"
"2008","Cyprus","Number","Passenger","11"
"2008","Cyprus","Number","Pedestrian","16"
"2008","Latvia","Number","Driver","130"
"2008","Latvia","Number","Passenger","81"
"2008","Latvia","Number","Pedestrian","105"
"2008","Lithuania","Number","Driver",":"
"2008","Lithuania","Number","Passenger",":"
"2008","Lithuania","Number","Pedestrian",":"
"2008","Luxembourg","Number","Driver","27"
"2008","Luxembourg","Number","Passenger","2"
"2008","Luxembourg","Number","Pedestrian","6"
"2008","Hungary","Number","Driver","542"
"2008","Hungary","Number","Passenger","203"
"2008","Hungary","Number","Pedestrian","251"
"2008","Malta","Number","Driver","8"
"2008","Malta","Number","Passenger","0"
"2008","Malta","Number","Pedestrian","1"
"2008","Netherlands","Number","Driver","530"
"2008","Netherlands","Number","Passenger","91"
"2008","Netherlands","Number","Pedestrian","56"
"2008","Austria","Number","Driver","480"
"2008","Austria","Number","Passenger","97"
"2008","Austria","Number","Pedestrian","102"
"2008","Poland","Number","Driver","2,372"
"2008","Poland","Number","Passenger","1,183"
"2008","Poland","Number","Pedestrian","1,882"
"2008","Portugal","Number","Driver","561"
"2008","Portugal","Number","Passenger","169"
"2008","Portugal","Number","Pedestrian","155"
"2008","Romania","Number","Driver","1,229"
"2008","Romania","Number","Passenger","769"
"2008","Romania","Number","Pedestrian","1,067"
"2008","Slovenia","Number","Driver","146"
"2008","Slovenia","Number","Passenger","28"
"2008","Slovenia","Number","Pedestrian","39"
"2008","Slovakia","Number","Driver","282"
"2008","Slovakia","Number","Passenger","120"
"2008","Slovakia","Number","Pedestrian","204"
"2008","Finland","Number","Driver","228"
"2008","Finland","Number","Passenger","63"
"2008","Finland","Number","Pedestrian","53"
"2008","Sweden","Number","Driver","286"
"2008","Sweden","Number","Passenger","62"
"2008","Sweden","Number","Pedestrian","45"
"2008","United Kingdom","Number","Driver","1,594"
"2008","United Kingdom","Number","Passenger","460"
"2008","United Kingdom","Number","Pedestrian","591"
"2008","Iceland","Number","Driver","10"
"2008","Iceland","Number","Passenger","2"
"2008","Iceland","Number","Pedestrian","0"
"2008","Liechtenstein","Number","Driver",":"
"2008","Liechtenstein","Number","Passenger",":"
"2008","Liechtenstein","Number","Pedestrian",":"
"2008","Norway","Number","Driver","173"
"2008","Norway","Number","Passenger","51"
"2008","Norway","Number","Pedestrian","31"
"2008","Switzerland","Number","Driver","250"
"2008","Switzerland","Number","Passenger","48"
"2008","Switzerland","Number","Pedestrian","59"
"2009","Belgium","Number","Driver","701"
"2009","Belgium","Number","Passenger","140"
"2009","Belgium","Number","Pedestrian","101"
"2009","Bulgaria","Number","Driver","436"
"2009","Bulgaria","Number","Passenger","267"
"2009","Bulgaria","Number","Pedestrian","198"
"2009","Czech Republic","Number","Driver","544"
"2009","Czech Republic","Number","Passenger","180"
"2009","Czech Republic","Number","Pedestrian","176"
"2009","Denmark","Number","Driver","198"
"2009","Denmark","Number","Passenger","53"
"2009","Denmark","Number","Pedestrian","52"
"2009","Germany (until 1990 former territory of the FRG)","Number","Driver","2,938"
"2009","Germany (until 1990 former territory of the FRG)","Number","Passenger","623"
"2009","Germany (until 1990 former territory of the FRG)","Number","Pedestrian","591"
"2009","Estonia","Number","Driver","49"
"2009","Estonia","Number","Passenger","26"
"2009","Estonia","Number","Pedestrian","23"
"2009","Ireland","Number","Driver","156"
"2009","Ireland","Number","Passenger","42"
"2009","Ireland","Number","Pedestrian","40"
"2009","Greece","Number","Driver","964"
"2009","Greece","Number","Passenger","290"
"2009","Greece","Number","Pedestrian","202"
"2009","Spain","Number","Driver","1,692"
"2009","Spain","Number","Passenger","552"
"2009","Spain","Number","Pedestrian","470"
"2009","France","Number","Driver","3,039"
"2009","France","Number","Passenger","738"
"2009","France","Number","Pedestrian","496"
"2009","Croatia","Number","Driver","305"
"2009","Croatia","Number","Passenger","140"
"2009","Croatia","Number","Pedestrian","103"
"2009","Italy","Number","Driver","2,934"
"2009","Italy","Number","Passenger","636"
"2009","Italy","Number","Pedestrian","667"
"2009","Cyprus","Number","Driver","44"
"2009","Cyprus","Number","Passenger","18"
"2009","Cyprus","Number","Pedestrian","9"
"2009","Latvia","Number","Driver","115"
"2009","Latvia","Number","Passenger","57"
"2009","Latvia","Number","Pedestrian","82"
"2009","Lithuania","Number","Driver",":"
"2009","Lithuania","Number","Passenger",":"
"2009","Lithuania","Number","Pedestrian",":"
"2009","Luxembourg","Number","Driver","27"
"2009","Luxembourg","Number","Passenger","9"
"2009","Luxembourg","Number","Pedestrian","12"
"2009","Hungary","Number","Driver","490"
"2009","Hungary","Number","Passenger","146"
"2009","Hungary","Number","Pedestrian","186"
"2009","Malta","Number","Driver","8"
"2009","Malta","Number","Passenger","3"
"2009","Malta","Number","Pedestrian","4"
"2009","Netherlands","Number","Driver","488"
"2009","Netherlands","Number","Passenger","92"
"2009","Netherlands","Number","Pedestrian","63"
"2009","Austria","Number","Driver","420"
"2009","Austria","Number","Passenger","112"
"2009","Austria","Number","Pedestrian","101"
"2009","Poland","Number","Driver","2,166"
"2009","Poland","Number","Passenger","939"
"2009","Poland","Number","Pedestrian","1,467"
"2009","Portugal","Number","Driver","513"
"2009","Portugal","Number","Passenger","179"
"2009","Portugal","Number","Pedestrian","148"
"2009","Romania","Number","Driver","1,055"
"2009","Romania","Number","Passenger","726"
"2009","Romania","Number","Pedestrian","1,015"
"2009","Slovenia","Number","Driver","110"
"2009","Slovenia","Number","Passenger","36"
"2009","Slovenia","Number","Pedestrian","24"
"2009","Slovakia","Number","Driver","178"
"2009","Slovakia","Number","Passenger","93"
"2009","Slovakia","Number","Pedestrian","113"
"2009","Finland","Number","Driver","183"
"2009","Finland","Number","Passenger","66"
"2009","Finland","Number","Pedestrian","30"
"2009","Sweden","Number","Driver","248"
"2009","Sweden","Number","Passenger","58"
"2009","Sweden","Number","Pedestrian","44"
"2009","United Kingdom","Number","Driver","1,383"
"2009","United Kingdom","Number","Passenger","430"
"2009","United Kingdom","Number","Pedestrian","524"
"2009","Iceland","Number","Driver","9"
"2009","Iceland","Number","Passenger","6"
"2009","Iceland","Number","Pedestrian","2"
"2009","Liechtenstein","Number","Driver",":"
"2009","Liechtenstein","Number","Passenger",":"
"2009","Liechtenstein","Number","Pedestrian",":"
"2009","Norway","Number","Driver","136"
"2009","Norway","Number","Passenger","50"
"2009","Norway","Number","Pedestrian","26"
"2009","Switzerland","Number","Driver","246"
"2009","Switzerland","Number","Passenger","43"
"2009","Switzerland","Number","Pedestrian","60"
"2010","Belgium","Number","Driver","596"
"2010","Belgium","Number","Passenger","136"
"2010","Belgium","Number","Pedestrian","106"
"2010","Bulgaria","Number","Driver",":"
"2010","Bulgaria","Number","Passenger",":"
"2010","Bulgaria","Number","Pedestrian",":"
"2010","Czech Republic","Number","Driver","495"
"2010","Czech Republic","Number","Passenger","139"
"2010","Czech Republic","Number","Pedestrian","168"
"2010","Denmark","Number","Driver","159"
"2010","Denmark","Number","Passenger","52"
"2010","Denmark","Number","Pedestrian","44"
"2010","Germany (until 1990 former territory of the FRG)","Number","Driver","2,584"
"2010","Germany (until 1990 former territory of the FRG)","Number","Passenger","588"
"2010","Germany (until 1990 former territory of the FRG)","Number","Pedestrian","476"
"2010","Estonia","Number","Driver","49"
"2010","Estonia","Number","Passenger","16"
"2010","Estonia","Number","Pedestrian","14"
"2010","Ireland","Number","Driver","113"
"2010","Ireland","Number","Passenger","55"
"2010","Ireland","Number","Pedestrian","44"
"2010","Greece","Number","Driver","838"
"2010","Greece","Number","Passenger","241"
"2010","Greece","Number","Pedestrian","179"
"2010","Spain","Number","Driver","1,512"
"2010","Spain","Number","Passenger","496"
"2010","Spain","Number","Pedestrian","471"
"2010","France","Number","Driver","2,835"
"2010","France","Number","Passenger","672"
"2010","France","Number","Pedestrian","485"
"2010","Croatia","Number","Driver","233"
"2010","Croatia","Number","Passenger","88"
"2010","Croatia","Number","Pedestrian","105"
"2010","Italy","Number","Driver","2,852"
"2010","Italy","Number","Passenger","641"
"2010","Italy","Number","Pedestrian","621"
"2010","Cyprus","Number","Driver","38"
"2010","Cyprus","Number","Passenger","9"
"2010","Cyprus","Number","Pedestrian","13"
"2010","Latvia","Number","Driver","91"
"2010","Latvia","Number","Passenger","48"
"2010","Latvia","Number","Pedestrian","79"
"2010","Lithuania","Number","Driver",":"
"2010","Lithuania","Number","Passenger",":"
"2010","Lithuania","Number","Pedestrian",":"
"2010","Luxembourg","Number","Driver","25"
"2010","Luxembourg","Number","Passenger","6"
"2010","Luxembourg","Number","Pedestrian","1"
"2010","Hungary","Number","Driver","387"
"2010","Hungary","Number","Passenger","161"
"2010","Hungary","Number","Pedestrian","192"
"2010","Malta","Number","Driver","7"
"2010","Malta","Number","Passenger","4"
"2010","Malta","Number","Pedestrian","2"
"2010","Netherlands","Number","Driver","409"
"2010","Netherlands","Number","Passenger","66"
"2010","Netherlands","Number","Pedestrian","62"
"2010","Austria","Number","Driver","374"
"2010","Austria","Number","Passenger","80"
"2010","Austria","Number","Pedestrian","98"
"2010","Poland","Number","Driver","1,859"
"2010","Poland","Number","Passenger","813"
"2010","Poland","Number","Pedestrian","1,236"
"2010","Portugal","Number","Driver","552"
"2010","Portugal","Number","Passenger","190"
"2010","Portugal","Number","Pedestrian","195"
"2010","Romania","Number","Driver","927"
"2010","Romania","Number","Passenger","580"
"2010","Romania","Number","Pedestrian","868"
"2010","Slovenia","Number","Driver","89"
"2010","Slovenia","Number","Passenger","22"
"2010","Slovenia","Number","Pedestrian","26"
"2010","Slovakia","Number","Driver","170"
"2010","Slovakia","Number","Passenger","75"
"2010","Slovakia","Number","Pedestrian","126"
"2010","Finland","Number","Driver","190"
"2010","Finland","Number","Passenger","47"
"2010","Finland","Number","Pedestrian","35"
"2010","Sweden","Number","Driver","190"
"2010","Sweden","Number","Passenger","40"
"2010","Sweden","Number","Pedestrian","31"
"2010","United Kingdom","Number","Driver","1,178"
"2010","United Kingdom","Number","Passenger","312"
"2010","United Kingdom","Number","Pedestrian","415"
"2010","Iceland","Number","Driver","4"
"2010","Iceland","Number","Passenger","2"
"2010","Iceland","Number","Pedestrian","2"
"2010","Liechtenstein","Number","Driver","0"
"2010","Liechtenstein","Number","Passenger","0"
"2010","Liechtenstein","Number","Pedestrian","0"
"2010","Norway","Number","Driver","144"
"2010","Norway","Number","Passenger","40"
"2010","Norway","Number","Pedestrian","24"
"2010","Switzerland","Number","Driver","211"
"2010","Switzerland","Number","Passenger","41"
"2010","Switzerland","Number","Pedestrian","75"
"2011","Belgium","Number","Driver","626"
"2011","Belgium","Number","Passenger","122"
"2011","Belgium","Number","Pedestrian","113"
"2011","Bulgaria","Number","Driver",":"
"2011","Bulgaria","Number","Passenger",":"
"2011","Bulgaria","Number","Pedestrian",":"
"2011","Czech Republic","Number","Driver","453"
"2011","Czech Republic","Number","Passenger","144"
"2011","Czech Republic","Number","Pedestrian","176"
"2011","Denmark","Number","Driver","151"
"2011","Denmark","Number","Passenger","36"
"2011","Denmark","Number","Pedestrian","33"
"2011","Germany (until 1990 former territory of the FRG)","Number","Driver","2,826"
"2011","Germany (until 1990 former territory of the FRG)","Number","Passenger","569"
"2011","Germany (until 1990 former territory of the FRG)","Number","Pedestrian","614"
"2011","Estonia","Number","Driver","52"
"2011","Estonia","Number","Passenger","23"
"2011","Estonia","Number","Pedestrian","26"
"2011","Ireland","Number","Driver","105"
"2011","Ireland","Number","Passenger","34"
"2011","Ireland","Number","Pedestrian","47"
"2011","Greece","Number","Driver","713"
"2011","Greece","Number","Passenger","205"
"2011","Greece","Number","Pedestrian","223"
"2011","Spain","Number","Driver","1,291"
"2011","Spain","Number","Passenger","389"
"2011","Spain","Number","Pedestrian","380"
"2011","France","Number","Driver","2,763"
"2011","France","Number","Passenger","681"
"2011","France","Number","Pedestrian","519"
"2011","Croatia","Number","Driver","269"
"2011","Croatia","Number","Passenger","78"
"2011","Croatia","Number","Pedestrian","71"
"2011","Italy","Number","Driver","2,690"
"2011","Italy","Number","Passenger","581"
"2011","Italy","Number","Pedestrian","589"
"2011","Cyprus","Number","Driver","50"
"2011","Cyprus","Number","Passenger","8"
"2011","Cyprus","Number","Pedestrian","13"
"2011","Latvia","Number","Driver","81"
"2011","Latvia","Number","Passenger","38"
"2011","Latvia","Number","Pedestrian","60"
"2011","Lithuania","Number","Driver",":"
"2011","Lithuania","Number","Passenger",":"
"2011","Lithuania","Number","Pedestrian",":"
"2011","Luxembourg","Number","Driver","22"
"2011","Luxembourg","Number","Passenger","5"
"2011","Luxembourg","Number","Pedestrian","6"
"2011","Hungary","Number","Driver","368"
"2011","Hungary","Number","Passenger","146"
"2011","Hungary","Number","Pedestrian","124"
"2011","Malta","Number","Driver",":"
"2011","Malta","Number","Passenger",":"
"2011","Malta","Number","Pedestrian",":"
"2011","Netherlands","Number","Driver","423"
"2011","Netherlands","Number","Passenger","56"
"2011","Netherlands","Number","Pedestrian","65"
"2011","Austria","Number","Driver","357"
"2011","Austria","Number","Passenger","79"
"2011","Austria","Number","Pedestrian","87"
"2011","Poland","Number","Driver","1,945"
"2011","Poland","Number","Passenger","836"
"2011","Poland","Number","Pedestrian","1,408"
"2011","Portugal","Number","Driver","531"
"2011","Portugal","Number","Passenger","161"
"2011","Portugal","Number","Pedestrian","199"
"2011","Romania","Number","Driver","809"
"2011","Romania","Number","Passenger","462"
"2011","Romania","Number","Pedestrian","747"
"2011","Slovenia","Number","Driver","98"
"2011","Slovenia","Number","Passenger","22"
"2011","Slovenia","Number","Pedestrian","21"
"2011","Slovakia","Number","Driver",":"
"2011","Slovakia","Number","Passenger",":"
"2011","Slovakia","Number","Pedestrian",":"
"2011","Finland","Number","Driver","198"
"2011","Finland","Number","Passenger","53"
"2011","Finland","Number","Pedestrian","41"
"2011","Sweden","Number","Driver","203"
"2011","Sweden","Number","Passenger","50"
"2011","Sweden","Number","Pedestrian","53"
"2011","United Kingdom","Number","Driver","1,185"
"2011","United Kingdom","Number","Passenger","309"
"2011","United Kingdom","Number","Pedestrian","466"
"2011","Iceland","Number","Driver","7"
"2011","Iceland","Number","Passenger","1"
"2011","Iceland","Number","Pedestrian","4"
"2011","Liechtenstein","Number","Driver",":"
"2011","Liechtenstein","Number","Passenger",":"
"2011","Liechtenstein","Number","Pedestrian",":"
"2011","Norway","Number","Driver","118"
"2011","Norway","Number","Passenger","34"
"2011","Norway","Number","Pedestrian","16"
"2011","Switzerland","Number","Driver","216"
"2011","Switzerland","Number","Passenger","35"
"2011","Switzerland","Number","Pedestrian","69"
"2012","Belgium","Number","Driver","562"
"2012","Belgium","Number","Passenger","104"
"2012","Belgium","Number","Pedestrian","104"
"2012","Bulgaria","Number","Driver",":"
"2012","Bulgaria","Number","Passenger",":"
"2012","Bulgaria","Number","Pedestrian",":"
"2012","Czech Republic","Number","Driver","453"
"2012","Czech Republic","Number","Passenger","126"
"2012","Czech Republic","Number","Pedestrian","163"
"2012","Denmark","Number","Driver","114"
"2012","Denmark","Number","Passenger","22"
"2012","Denmark","Number","Pedestrian","31"
"2012","Germany (until 1990 former territory of the FRG)","Number","Driver","2,597"
"2012","Germany (until 1990 former territory of the FRG)","Number","Passenger","476"
"2012","Germany (until 1990 former territory of the FRG)","Number","Pedestrian","527"
"2012","Estonia","Number","Driver","39"
"2012","Estonia","Number","Passenger","17"
"2012","Estonia","Number","Pedestrian","29"
"2012","Ireland","Number","Driver","101"
"2012","Ireland","Number","Passenger","32"
"2012","Ireland","Number","Pedestrian","29"
"2012","Greece","Number","Driver","651"
"2012","Greece","Number","Passenger","167"
"2012","Greece","Number","Pedestrian","170"
"2012","Spain","Number","Driver","1,165"
"2012","Spain","Number","Passenger","367"
"2012","Spain","Number","Pedestrian","370"
"2012","France","Number","Driver","2,523"
"2012","France","Number","Passenger","641"
"2012","France","Number","Pedestrian","489"
"2012","Croatia","Number","Driver","251"
"2012","Croatia","Number","Passenger","70"
"2012","Croatia","Number","Pedestrian","72"
"2012","Italy","Number","Driver","2,622"
"2012","Italy","Number","Passenger","555"
"2012","Italy","Number","Pedestrian","576"
"2012","Cyprus","Number","Driver","37"
"2012","Cyprus","Number","Passenger","4"
"2012","Cyprus","Number","Pedestrian","10"
"2012","Latvia","Number","Driver","86"
"2012","Latvia","Number","Passenger","29"
"2012","Latvia","Number","Pedestrian","62"
"2012","Lithuania","Number","Driver",":"
"2012","Lithuania","Number","Passenger",":"
"2012","Lithuania","Number","Pedestrian",":"
"2012","Luxembourg","Number","Driver","21"
"2012","Luxembourg","Number","Passenger","7"
"2012","Luxembourg","Number","Pedestrian","6"
"2012","Hungary","Number","Driver","328"
"2012","Hungary","Number","Passenger","121"
"2012","Hungary","Number","Pedestrian","156"
"2012","Malta","Number","Driver",":"
"2012","Malta","Number","Passenger",":"
"2012","Malta","Number","Pedestrian",":"
"2012","Netherlands","Number","Driver","431"
"2012","Netherlands","Number","Passenger","65"
"2012","Netherlands","Number","Pedestrian","64"
"2012","Austria","Number","Driver","374"
"2012","Austria","Number","Passenger","76"
"2012","Austria","Number","Pedestrian","81"
"2012","Poland","Number","Driver","1,756"
"2012","Poland","Number","Passenger","658"
"2012","Poland","Number","Pedestrian","1,157"
"2012","Portugal","Number","Driver","442"
"2012","Portugal","Number","Passenger","117"
"2012","Portugal","Number","Pedestrian","159"
"2012","Romania","Number","Driver","821"
"2012","Romania","Number","Passenger","493"
"2012","Romania","Number","Pedestrian","728"
"2012","Slovenia","Number","Driver","92"
"2012","Slovenia","Number","Passenger","19"
"2012","Slovenia","Number","Pedestrian","19"
"2012","Slovakia","Number","Driver",":"
"2012","Slovakia","Number","Passenger",":"
"2012","Slovakia","Number","Pedestrian",":"
"2012","Finland","Number","Driver","189"
"2012","Finland","Number","Passenger","37"
"2012","Finland","Number","Pedestrian","29"
"2012","Sweden","Number","Driver","176"
"2012","Sweden","Number","Passenger","32"
"2012","Sweden","Number","Pedestrian","50"
"2012","United Kingdom","Number","Driver","1,070"
"2012","United Kingdom","Number","Passenger","303"
"2012","United Kingdom","Number","Pedestrian","429"
"2012","Iceland","Number","Driver","6"
"2012","Iceland","Number","Passenger","1"
"2012","Iceland","Number","Pedestrian","2"
"2012","Liechtenstein","Number","Driver",":"
"2012","Liechtenstein","Number","Passenger",":"
"2012","Liechtenstein","Number","Pedestrian",":"
"2012","Norway","Number","Driver","102"
"2012","Norway","Number","Passenger","21"
"2012","Norway","Number","Pedestrian","22"
"2012","Switzerland","Number","Driver","210"
"2012","Switzerland","Number","Passenger","54"
"2012","Switzerland","Number","Pedestrian","75"
"2013","Belgium","Number","Driver","516"
"2013","Belgium","Number","Passenger","107"
"2013","Belgium","Number","Pedestrian","99"
"2013","Bulgaria","Number","Driver",":"
"2013","Bulgaria","Number","Passenger",":"
"2013","Bulgaria","Number","Pedestrian",":"
"2013","Czech Republic","Number","Driver","389"
"2013","Czech Republic","Number","Passenger","103"
"2013","Czech Republic","Number","Pedestrian","162"
"2013","Denmark","Number","Driver","121"
"2013","Denmark","Number","Passenger","37"
"2013","Denmark","Number","Pedestrian","33"
"2013","Germany (until 1990 former territory of the FRG)","Number","Driver","2,309"
"2013","Germany (until 1990 former territory of the FRG)","Number","Passenger","469"
"2013","Germany (until 1990 former territory of the FRG)","Number","Pedestrian","561"
"2013","Estonia","Number","Driver","45"
"2013","Estonia","Number","Passenger","12"
"2013","Estonia","Number","Pedestrian","23"
"2013","Ireland","Number","Driver","124"
"2013","Ireland","Number","Passenger","33"
"2013","Ireland","Number","Pedestrian","31"
"2013","Greece","Number","Driver","582"
"2013","Greece","Number","Passenger","146"
"2013","Greece","Number","Pedestrian","151"
"2013","Spain","Number","Driver","1,018"
"2013","Spain","Number","Passenger","291"
"2013","Spain","Number","Pedestrian","371"
"2013","France","Number","Driver","2,279"
"2013","France","Number","Passenger","524"
"2013","France","Number","Pedestrian","465"
"2013","Croatia","Number","Driver","215"
"2013","Croatia","Number","Passenger","84"
"2013","Croatia","Number","Pedestrian","69"
"2013","Italy","Number","Driver","2,308"
"2013","Italy","Number","Passenger","542"
"2013","Italy","Number","Pedestrian","551"
"2013","Cyprus","Number","Driver","29"
"2013","Cyprus","Number","Passenger","7"
"2013","Cyprus","Number","Pedestrian","8"
"2013","Latvia","Number","Driver","83"
"2013","Latvia","Number","Passenger","26"
"2013","Latvia","Number","Pedestrian","70"
"2013","Lithuania","Number","Driver","105"
"2013","Lithuania","Number","Passenger","52"
"2013","Lithuania","Number","Pedestrian","96"
"2013","Luxembourg","Number","Driver","35"
"2013","Luxembourg","Number","Passenger","5"
"2013","Luxembourg","Number","Pedestrian","5"
"2013","Hungary","Number","Driver","325"
"2013","Hungary","Number","Passenger","119"
"2013","Hungary","Number","Pedestrian","147"
"2013","Malta","Number","Driver",":"
"2013","Malta","Number","Passenger",":"
"2013","Malta","Number","Pedestrian",":"
"2013","Netherlands","Number","Driver","382"
"2013","Netherlands","Number","Passenger","43"
"2013","Netherlands","Number","Pedestrian","51"
"2013","Austria","Number","Driver","324"
"2013","Austria","Number","Passenger","49"
"2013","Austria","Number","Pedestrian","82"
"2013","Poland","Number","Driver","1,566"
"2013","Poland","Number","Passenger","651"
"2013","Poland","Number","Pedestrian","1,140"
"2013","Portugal","Number","Driver","387"
"2013","Portugal","Number","Passenger","106"
"2013","Portugal","Number","Pedestrian","144"
"2013","Romania","Number","Driver","720"
"2013","Romania","Number","Passenger","415"
"2013","Romania","Number","Pedestrian","726"
"2013","Slovenia","Number","Driver","88"
"2013","Slovenia","Number","Passenger","17"
"2013","Slovenia","Number","Pedestrian","20"
"2013","Slovakia","Number","Driver",":"
"2013","Slovakia","Number","Passenger",":"
"2013","Slovakia","Number","Pedestrian",":"
"2013","Finland","Number","Driver","181"
"2013","Finland","Number","Passenger","43"
"2013","Finland","Number","Pedestrian","34"
"2013","Sweden","Number","Driver","171"
"2013","Sweden","Number","Passenger","42"
"2013","Sweden","Number","Pedestrian","42"
"2013","United Kingdom","Number","Driver","1,078"
"2013","United Kingdom","Number","Passenger","287"
"2013","United Kingdom","Number","Pedestrian","405"
"2013","Iceland","Number","Driver","10"
"2013","Iceland","Number","Passenger","4"
"2013","Iceland","Number","Pedestrian","1"
"2013","Liechtenstein","Number","Driver",":"
"2013","Liechtenstein","Number","Passenger",":"
"2013","Liechtenstein","Number","Pedestrian",":"
"2013","Norway","Number","Driver","136"
"2013","Norway","Number","Passenger","33"
"2013","Norway","Number","Pedestrian","18"
"2013","Switzerland","Number","Driver","171"
"2013","Switzerland","Number","Passenger","29"
"2013","Switzerland","Number","Pedestrian","69"
"2014","Belgium","Number","Driver","511"
"2014","Belgium","Number","Passenger","96"
"2014","Belgium","Number","Pedestrian","106"
"2014","Bulgaria","Number","Driver",":"
"2014","Bulgaria","Number","Passenger",":"
"2014","Bulgaria","Number","Pedestrian",":"
"2014","Czech Republic","Number","Driver","451"
"2014","Czech Republic","Number","Passenger","107"
"2014","Czech Republic","Number","Pedestrian","130"
"2014","Denmark","Number","Driver","129"
"2014","Denmark","Number","Passenger","31"
"2014","Denmark","Number","Pedestrian","22"
"2014","Germany (until 1990 former territory of the FRG)","Number","Driver","2,421"
"2014","Germany (until 1990 former territory of the FRG)","Number","Passenger","429"
"2014","Germany (until 1990 former territory of the FRG)","Number","Pedestrian","527"
"2014","Estonia","Number","Driver","41"
"2014","Estonia","Number","Passenger","8"
"2014","Estonia","Number","Pedestrian","26"
"2014","Ireland","Number","Driver",":"
"2014","Ireland","Number","Passenger",":"
"2014","Ireland","Number","Pedestrian",":"
"2014","Greece","Number","Driver","540"
"2014","Greece","Number","Passenger","130"
"2014","Greece","Number","Pedestrian","125"
"2014","Spain","Number","Driver","1,043"
"2014","Spain","Number","Passenger","309"
"2014","Spain","Number","Pedestrian","336"
"2014","France","Number","Driver","2,364"
"2014","France","Number","Passenger","521"
"2014","France","Number","Pedestrian","499"
"2014","Croatia","Number","Driver","185"
"2014","Croatia","Number","Passenger","50"
"2014","Croatia","Number","Pedestrian","73"
"2014","Italy","Number","Driver","2,291"
"2014","Italy","Number","Passenger","512"
"2014","Italy","Number","Pedestrian","578"
"2014","Cyprus","Number","Driver","27"
"2014","Cyprus","Number","Passenger","7"
"2014","Cyprus","Number","Pedestrian","10"
"2014","Latvia","Number","Driver","88"
"2014","Latvia","Number","Passenger","53"
"2014","Latvia","Number","Pedestrian","71"
"2014","Lithuania","Number","Driver","97"
"2014","Lithuania","Number","Passenger","61"
"2014","Lithuania","Number","Pedestrian","109"
"2014","Luxembourg","Number","Driver","27"
"2014","Luxembourg","Number","Passenger","5"
"2014","Luxembourg","Number","Pedestrian","3"
"2014","Hungary","Number","Driver","360"
"2014","Hungary","Number","Passenger","114"
"2014","Hungary","Number","Pedestrian","152"
"2014","Malta","Number","Driver",":"
"2014","Malta","Number","Passenger",":"
"2014","Malta","Number","Pedestrian",":"
"2014","Netherlands","Number","Driver","382"
"2014","Netherlands","Number","Passenger","40"
"2014","Netherlands","Number","Pedestrian","50"
"2014","Austria","Number","Driver","315"
"2014","Austria","Number","Passenger","44"
"2014","Austria","Number","Pedestrian","71"
"2014","Poland","Number","Driver","1,545"
"2014","Poland","Number","Passenger","541"
"2014","Poland","Number","Pedestrian","1,116"
"2014","Portugal","Number","Driver","397"
"2014","Portugal","Number","Passenger","96"
"2014","Portugal","Number","Pedestrian","145"
"2014","Romania","Number","Driver","693"
"2014","Romania","Number","Passenger","428"
"2014","Romania","Number","Pedestrian","697"
"2014","Slovenia","Number","Driver",":"
"2014","Slovenia","Number","Passenger",":"
"2014","Slovenia","Number","Pedestrian",":"
"2014","Slovakia","Number","Driver",":"
"2014","Slovakia","Number","Passenger",":"
"2014","Slovakia","Number","Pedestrian",":"
"2014","Finland","Number","Driver","161"
"2014","Finland","Number","Passenger","32"
"2014","Finland","Number","Pedestrian","36"
"2014","Sweden","Number","Driver","178"
"2014","Sweden","Number","Passenger","40"
"2014","Sweden","Number","Pedestrian","52"
"2014","United Kingdom","Number","Driver","1,112"
"2014","United Kingdom","Number","Passenger","278"
"2014","United Kingdom","Number","Pedestrian","464"
"2014","Iceland","Number","Driver","2"
"2014","Iceland","Number","Passenger","2"
"2014","Iceland","Number","Pedestrian","0"
"2014","Liechtenstein","Number","Driver",":"
"2014","Liechtenstein","Number","Passenger",":"
"2014","Liechtenstein","Number","Pedestrian",":"
"2014","Norway","Number","Driver","102"
"2014","Norway","Number","Passenger","27"
"2014","Norway","Number","Pedestrian","18"
"2014","Switzerland","Number","Driver","169"
"2014","Switzerland","Number","Passenger","31"
"2014","Switzerland","Number","Pedestrian","43"
"2015","Belgium","Number","Driver",":"
"2015","Belgium","Number","Passenger",":"
"2015","Belgium","Number","Pedestrian",":"
"2015","Bulgaria","Number","Driver",":"
"2015","Bulgaria","Number","Passenger",":"
"2015","Bulgaria","Number","Pedestrian",":"
"2015","Czech Republic","Number","Driver",":"
"2015","Czech Republic","Number","Passenger",":"
"2015","Czech Republic","Number","Pedestrian",":"
"2015","Denmark","Number","Driver",":"
"2015","Denmark","Number","Passenger",":"
"2015","Denmark","Number","Pedestrian",":"
"2015","Germany (until 1990 former territory of the FRG)","Number","Driver","2,484"
"2015","Germany (until 1990 former territory of the FRG)","Number","Passenger","430"
"2015","Germany (until 1990 former territory of the FRG)","Number","Pedestrian","545"
"2015","Estonia","Number","Driver","28"
"2015","Estonia","Number","Passenger","14"
"2015","Estonia","Number","Pedestrian","24"
"2015","Ireland","Number","Driver",":"
"2015","Ireland","Number","Passenger",":"
"2015","Ireland","Number","Pedestrian",":"
"2015","Greece","Number","Driver",":"
"2015","Greece","Number","Passenger",":"
"2015","Greece","Number","Pedestrian",":"
"2015","Spain","Number","Driver",":"
"2015","Spain","Number","Passenger",":"
"2015","Spain","Number","Pedestrian",":"
"2015","France","Number","Driver",":"
"2015","France","Number","Passenger",":"
"2015","France","Number","Pedestrian",":"
"2015","Croatia","Number","Driver","225"
"2015","Croatia","Number","Passenger","62"
"2015","Croatia","Number","Pedestrian","61"
"2015","Italy","Number","Driver",":"
"2015","Italy","Number","Passenger",":"
"2015","Italy","Number","Pedestrian",":"
"2015","Cyprus","Number","Driver","33"
"2015","Cyprus","Number","Passenger","8"
"2015","Cyprus","Number","Pedestrian","16"
"2015","Latvia","Number","Driver","85"
"2015","Latvia","Number","Passenger","40"
"2015","Latvia","Number","Pedestrian","63"
"2015","Lithuania","Number","Driver",":"
"2015","Lithuania","Number","Passenger",":"
"2015","Lithuania","Number","Pedestrian",":"
"2015","Luxembourg","Number","Driver","26"
"2015","Luxembourg","Number","Passenger","3"
"2015","Luxembourg","Number","Pedestrian","7"
"2015","Hungary","Number","Driver",":"
"2015","Hungary","Number","Passenger",":"
"2015","Hungary","Number","Pedestrian",":"
"2015","Malta","Number","Driver",":"
"2015","Malta","Number","Passenger",":"
"2015","Malta","Number","Pedestrian",":"
"2015","Netherlands","Number","Driver","403"
"2015","Netherlands","Number","Passenger","31"
"2015","Netherlands","Number","Pedestrian","60"
"2015","Austria","Number","Driver","332"
"2015","Austria","Number","Passenger","63"
"2015","Austria","Number","Pedestrian","84"
"2015","Poland","Number","Driver",":"
"2015","Poland","Number","Passenger",":"
"2015","Poland","Number","Pedestrian",":"
"2015","Portugal","Number","Driver",":"
"2015","Portugal","Number","Passenger",":"
"2015","Portugal","Number","Pedestrian",":"
"2015","Romania","Number","Driver","800"
"2015","Romania","Number","Passenger","444"
"2015","Romania","Number","Pedestrian","649"
"2015","Slovenia","Number","Driver",":"
"2015","Slovenia","Number","Passenger",":"
"2015","Slovenia","Number","Pedestrian",":"
"2015","Slovakia","Number","Driver",":"
"2015","Slovakia","Number","Passenger",":"
"2015","Slovakia","Number","Pedestrian",":"
"2015","Finland","Number","Driver","191"
"2015","Finland","Number","Passenger","43"
"2015","Finland","Number","Pedestrian","32"
"2015","Sweden","Number","Driver",":"
"2015","Sweden","Number","Passenger",":"
"2015","Sweden","Number","Pedestrian",":"
"2015","United Kingdom","Number","Driver",":"
"2015","United Kingdom","Number","Passenger",":"
"2015","United Kingdom","Number","Pedestrian",":"
"2015","Iceland","Number","Driver","9"
"2015","Iceland","Number","Passenger","6"
"2015","Iceland","Number","Pedestrian","1"
"2015","Liechtenstein","Number","Driver",":"
"2015","Liechtenstein","Number","Passenger",":"
"2015","Liechtenstein","Number","Pedestrian",":"
"2015","Norway","Number","Driver","84"
"2015","Norway","Number","Passenger","21"
"2015","Norway","Number","Pedestrian","12"
"2015","Switzerland","Number","Driver","168"
"2015","Switzerland","Number","Passenger","27"
"2015","Switzerland","Number","Pedestrian","58"
