"TIME","GEO","UNIT","TRA_INFR","Value"
"2005","Belgium","Number","Motorways","161"
"2005","Belgium","Number","Urban roads","255"
"2005","Belgium","Number","Rural roads","673"
"2005","Bulgaria","Number","Motorways",":"
"2005","Bulgaria","Number","Urban roads",":"
"2005","Bulgaria","Number","Rural roads",":"
"2005","Czech Republic","Number","Motorways","45"
"2005","Czech Republic","Number","Urban roads","503"
"2005","Czech Republic","Number","Rural roads","738"
"2005","Denmark","Number","Motorways","31"
"2005","Denmark","Number","Urban roads","95"
"2005","Denmark","Number","Rural roads","205"
"2005","Germany (until 1990 former territory of the FRG)","Number","Motorways","662"
"2005","Germany (until 1990 former territory of the FRG)","Number","Urban roads","1,471"
"2005","Germany (until 1990 former territory of the FRG)","Number","Rural roads","3,228"
"2005","Estonia","Number","Motorways","0"
"2005","Estonia","Number","Urban roads","46"
"2005","Estonia","Number","Rural roads","124"
"2005","Ireland","Number","Motorways","2"
"2005","Ireland","Number","Urban roads","80"
"2005","Ireland","Number","Rural roads","318"
"2005","Greece","Number","Motorways","111"
"2005","Greece","Number","Urban roads","758"
"2005","Greece","Number","Rural roads","789"
"2005","Spain","Number","Motorways","851"
"2005","Spain","Number","Urban roads","790"
"2005","Spain","Number","Rural roads","2,801"
"2005","France","Number","Motorways","323"
"2005","France","Number","Urban roads","1,664"
"2005","France","Number","Rural roads","3,331"
"2005","Croatia","Number","Motorways",":"
"2005","Croatia","Number","Urban roads",":"
"2005","Croatia","Number","Rural roads",":"
"2005","Italy","Number","Motorways","577"
"2005","Italy","Number","Urban roads","2,588"
"2005","Italy","Number","Rural roads","2,653"
"2005","Cyprus","Number","Motorways","13"
"2005","Cyprus","Number","Urban roads","61"
"2005","Cyprus","Number","Rural roads","28"
"2005","Latvia","Number","Motorways","0"
"2005","Latvia","Number","Urban roads","125"
"2005","Latvia","Number","Rural roads","317"
"2005","Lithuania","Number","Motorways",":"
"2005","Lithuania","Number","Urban roads",":"
"2005","Lithuania","Number","Rural roads",":"
"2005","Luxembourg","Number","Motorways","4"
"2005","Luxembourg","Number","Urban roads","13"
"2005","Luxembourg","Number","Rural roads","30"
"2005","Hungary","Number","Motorways","47"
"2005","Hungary","Number","Urban roads","502"
"2005","Hungary","Number","Rural roads","729"
"2005","Malta","Number","Motorways","0"
"2005","Malta","Number","Urban roads","17"
"2005","Malta","Number","Rural roads","0"
"2005","Netherlands","Number","Motorways","0"
"2005","Netherlands","Number","Urban roads","254"
"2005","Netherlands","Number","Rural roads","485"
"2005","Austria","Number","Motorways","89"
"2005","Austria","Number","Urban roads","202"
"2005","Austria","Number","Rural roads","477"
"2005","Poland","Number","Motorways","32"
"2005","Poland","Number","Urban roads","2,495"
"2005","Poland","Number","Rural roads","2,917"
"2005","Portugal","Number","Motorways","98"
"2005","Portugal","Number","Urban roads","537"
"2005","Portugal","Number","Rural roads","612"
"2005","Romania","Number","Motorways","20"
"2005","Romania","Number","Urban roads","1,895"
"2005","Romania","Number","Rural roads","714"
"2005","Slovenia","Number","Motorways","20"
"2005","Slovenia","Number","Urban roads","81"
"2005","Slovenia","Number","Rural roads","157"
"2005","Slovakia","Number","Motorways","21"
"2005","Slovakia","Number","Urban roads","277"
"2005","Slovakia","Number","Rural roads","308"
"2005","Finland","Number","Motorways","10"
"2005","Finland","Number","Urban roads","101"
"2005","Finland","Number","Rural roads","268"
"2005","Sweden","Number","Motorways","20"
"2005","Sweden","Number","Urban roads","110"
"2005","Sweden","Number","Rural roads","310"
"2005","United Kingdom","Number","Motorways","203"
"2005","United Kingdom","Number","Urban roads","1,302"
"2005","United Kingdom","Number","Rural roads","1,831"
"2005","Iceland","Number","Motorways","0"
"2005","Iceland","Number","Urban roads","3"
"2005","Iceland","Number","Rural roads","16"
"2005","Liechtenstein","Number","Motorways",":"
"2005","Liechtenstein","Number","Urban roads",":"
"2005","Liechtenstein","Number","Rural roads",":"
"2005","Norway","Number","Motorways",":"
"2005","Norway","Number","Urban roads",":"
"2005","Norway","Number","Rural roads",":"
"2005","Switzerland","Number","Motorways","25"
"2005","Switzerland","Number","Urban roads","137"
"2005","Switzerland","Number","Rural roads","247"
"2006","Belgium","Number","Motorways","164"
"2006","Belgium","Number","Urban roads","265"
"2006","Belgium","Number","Rural roads","640"
"2006","Bulgaria","Number","Motorways",":"
"2006","Bulgaria","Number","Urban roads",":"
"2006","Bulgaria","Number","Rural roads",":"
"2006","Czech Republic","Number","Motorways","37"
"2006","Czech Republic","Number","Urban roads","427"
"2006","Czech Republic","Number","Rural roads","599"
"2006","Denmark","Number","Motorways","16"
"2006","Denmark","Number","Urban roads","101"
"2006","Denmark","Number","Rural roads","189"
"2006","Germany (until 1990 former territory of the FRG)","Number","Motorways","645"
"2006","Germany (until 1990 former territory of the FRG)","Number","Urban roads","1,384"
"2006","Germany (until 1990 former territory of the FRG)","Number","Rural roads","3,062"
"2006","Estonia","Number","Motorways","0"
"2006","Estonia","Number","Urban roads","46"
"2006","Estonia","Number","Rural roads","158"
"2006","Ireland","Number","Motorways","11"
"2006","Ireland","Number","Urban roads","62"
"2006","Ireland","Number","Rural roads","292"
"2006","Greece","Number","Motorways","147"
"2006","Greece","Number","Urban roads","774"
"2006","Greece","Number","Rural roads","736"
"2006","Spain","Number","Motorways","767"
"2006","Spain","Number","Urban roads","736"
"2006","Spain","Number","Rural roads","2,600"
"2006","France","Number","Motorways","292"
"2006","France","Number","Urban roads","1,346"
"2006","France","Number","Rural roads","3,071"
"2006","Croatia","Number","Motorways",":"
"2006","Croatia","Number","Urban roads",":"
"2006","Croatia","Number","Rural roads",":"
"2006","Italy","Number","Motorways","590"
"2006","Italy","Number","Urban roads","2,494"
"2006","Italy","Number","Rural roads","2,585"
"2006","Cyprus","Number","Motorways","9"
"2006","Cyprus","Number","Urban roads","53"
"2006","Cyprus","Number","Rural roads","24"
"2006","Latvia","Number","Motorways","0"
"2006","Latvia","Number","Urban roads","148"
"2006","Latvia","Number","Rural roads","259"
"2006","Lithuania","Number","Motorways",":"
"2006","Lithuania","Number","Urban roads",":"
"2006","Lithuania","Number","Rural roads",":"
"2006","Luxembourg","Number","Motorways","6"
"2006","Luxembourg","Number","Urban roads","8"
"2006","Luxembourg","Number","Rural roads","26"
"2006","Hungary","Number","Motorways","55"
"2006","Hungary","Number","Urban roads","508"
"2006","Hungary","Number","Rural roads","740"
"2006","Malta","Number","Motorways","0"
"2006","Malta","Number","Urban roads","11"
"2006","Malta","Number","Rural roads","0"
"2006","Netherlands","Number","Motorways","0"
"2006","Netherlands","Number","Urban roads","283"
"2006","Netherlands","Number","Rural roads","447"
"2006","Austria","Number","Motorways","74"
"2006","Austria","Number","Urban roads","200"
"2006","Austria","Number","Rural roads","456"
"2006","Poland","Number","Motorways","55"
"2006","Poland","Number","Urban roads","2,349"
"2006","Poland","Number","Rural roads","2,839"
"2006","Portugal","Number","Motorways","84"
"2006","Portugal","Number","Urban roads","448"
"2006","Portugal","Number","Rural roads","437"
"2006","Romania","Number","Motorways","46"
"2006","Romania","Number","Urban roads","1,638"
"2006","Romania","Number","Rural roads","903"
"2006","Slovenia","Number","Motorways","33"
"2006","Slovenia","Number","Urban roads","92"
"2006","Slovenia","Number","Rural roads","137"
"2006","Slovakia","Number","Motorways","15"
"2006","Slovakia","Number","Urban roads","291"
"2006","Slovakia","Number","Rural roads","308"
"2006","Finland","Number","Motorways","17"
"2006","Finland","Number","Urban roads","93"
"2006","Finland","Number","Rural roads","226"
"2006","Sweden","Number","Motorways","26"
"2006","Sweden","Number","Urban roads","106"
"2006","Sweden","Number","Rural roads","312"
"2006","United Kingdom","Number","Motorways","185"
"2006","United Kingdom","Number","Urban roads","1,326"
"2006","United Kingdom","Number","Rural roads","1,787"
"2006","Iceland","Number","Motorways","0"
"2006","Iceland","Number","Urban roads","10"
"2006","Iceland","Number","Rural roads","21"
"2006","Liechtenstein","Number","Motorways","0"
"2006","Liechtenstein","Number","Urban roads","0"
"2006","Liechtenstein","Number","Rural roads","0"
"2006","Norway","Number","Motorways",":"
"2006","Norway","Number","Urban roads",":"
"2006","Norway","Number","Rural roads",":"
"2006","Switzerland","Number","Motorways","31"
"2006","Switzerland","Number","Urban roads","124"
"2006","Switzerland","Number","Rural roads","215"
"2007","Belgium","Number","Motorways","153"
"2007","Belgium","Number","Urban roads","275"
"2007","Belgium","Number","Rural roads","643"
"2007","Bulgaria","Number","Motorways",":"
"2007","Bulgaria","Number","Urban roads",":"
"2007","Bulgaria","Number","Rural roads",":"
"2007","Czech Republic","Number","Motorways","48"
"2007","Czech Republic","Number","Urban roads","442"
"2007","Czech Republic","Number","Rural roads","731"
"2007","Denmark","Number","Motorways","24"
"2007","Denmark","Number","Urban roads","129"
"2007","Denmark","Number","Rural roads","253"
"2007","Germany (until 1990 former territory of the FRG)","Number","Motorways","602"
"2007","Germany (until 1990 former territory of the FRG)","Number","Urban roads","1,335"
"2007","Germany (until 1990 former territory of the FRG)","Number","Rural roads","3,012"
"2007","Estonia","Number","Motorways","0"
"2007","Estonia","Number","Urban roads","63"
"2007","Estonia","Number","Rural roads","133"
"2007","Ireland","Number","Motorways","10"
"2007","Ireland","Number","Urban roads","77"
"2007","Ireland","Number","Rural roads","251"
"2007","Greece","Number","Motorways","140"
"2007","Greece","Number","Urban roads","724"
"2007","Greece","Number","Rural roads","748"
"2007","Spain","Number","Motorways","611"
"2007","Spain","Number","Urban roads","740"
"2007","Spain","Number","Rural roads","2,471"
"2007","France","Number","Motorways","273"
"2007","France","Number","Urban roads","1,359"
"2007","France","Number","Rural roads","2,988"
"2007","Croatia","Number","Motorways","65"
"2007","Croatia","Number","Urban roads","328"
"2007","Croatia","Number","Rural roads","226"
"2007","Italy","Number","Motorways","526"
"2007","Italy","Number","Urban roads","2,269"
"2007","Italy","Number","Rural roads","2,336"
"2007","Cyprus","Number","Motorways","13"
"2007","Cyprus","Number","Urban roads","49"
"2007","Cyprus","Number","Rural roads","27"
"2007","Latvia","Number","Motorways","0"
"2007","Latvia","Number","Urban roads","165"
"2007","Latvia","Number","Rural roads","254"
"2007","Lithuania","Number","Motorways",":"
"2007","Lithuania","Number","Urban roads",":"
"2007","Lithuania","Number","Rural roads",":"
"2007","Luxembourg","Number","Motorways","11"
"2007","Luxembourg","Number","Urban roads","9"
"2007","Luxembourg","Number","Rural roads","23"
"2007","Hungary","Number","Motorways","61"
"2007","Hungary","Number","Urban roads","505"
"2007","Hungary","Number","Rural roads","666"
"2007","Malta","Number","Motorways","0"
"2007","Malta","Number","Urban roads","12"
"2007","Malta","Number","Rural roads","0"
"2007","Netherlands","Number","Motorways","0"
"2007","Netherlands","Number","Urban roads","270"
"2007","Netherlands","Number","Rural roads","439"
"2007","Austria","Number","Motorways","74"
"2007","Austria","Number","Urban roads","173"
"2007","Austria","Number","Rural roads","444"
"2007","Poland","Number","Motorways","53"
"2007","Poland","Number","Urban roads","2,549"
"2007","Poland","Number","Rural roads","2,981"
"2007","Portugal","Number","Motorways","128"
"2007","Portugal","Number","Urban roads","389"
"2007","Portugal","Number","Rural roads","457"
"2007","Romania","Number","Motorways","41"
"2007","Romania","Number","Urban roads","1,780"
"2007","Romania","Number","Rural roads","979"
"2007","Slovenia","Number","Motorways","37"
"2007","Slovenia","Number","Urban roads","94"
"2007","Slovenia","Number","Rural roads","162"
"2007","Slovakia","Number","Motorways","19"
"2007","Slovakia","Number","Urban roads","298"
"2007","Slovakia","Number","Rural roads","344"
"2007","Finland","Number","Motorways","14"
"2007","Finland","Number","Urban roads","81"
"2007","Finland","Number","Rural roads","285"
"2007","Sweden","Number","Motorways","21"
"2007","Sweden","Number","Urban roads","127"
"2007","Sweden","Number","Rural roads","323"
"2007","United Kingdom","Number","Motorways","184"
"2007","United Kingdom","Number","Urban roads","1,178"
"2007","United Kingdom","Number","Rural roads","1,697"
"2007","Iceland","Number","Motorways","0"
"2007","Iceland","Number","Urban roads","1"
"2007","Iceland","Number","Rural roads","14"
"2007","Liechtenstein","Number","Motorways","0"
"2007","Liechtenstein","Number","Urban roads","0"
"2007","Liechtenstein","Number","Rural roads","0"
"2007","Norway","Number","Motorways",":"
"2007","Norway","Number","Urban roads",":"
"2007","Norway","Number","Rural roads",":"
"2007","Switzerland","Number","Motorways","47"
"2007","Switzerland","Number","Urban roads","141"
"2007","Switzerland","Number","Rural roads","196"
"2008","Belgium","Number","Motorways","139"
"2008","Belgium","Number","Urban roads","274"
"2008","Belgium","Number","Rural roads","531"
"2008","Bulgaria","Number","Motorways","38"
"2008","Bulgaria","Number","Urban roads","447"
"2008","Bulgaria","Number","Rural roads","576"
"2008","Czech Republic","Number","Motorways","30"
"2008","Czech Republic","Number","Urban roads","444"
"2008","Czech Republic","Number","Rural roads","602"
"2008","Denmark","Number","Motorways","31"
"2008","Denmark","Number","Urban roads","129"
"2008","Denmark","Number","Rural roads","246"
"2008","Germany (until 1990 former territory of the FRG)","Number","Motorways","495"
"2008","Germany (until 1990 former territory of the FRG)","Number","Urban roads","1,261"
"2008","Germany (until 1990 former territory of the FRG)","Number","Rural roads","2,721"
"2008","Estonia","Number","Motorways","0"
"2008","Estonia","Number","Urban roads","41"
"2008","Estonia","Number","Rural roads","91"
"2008","Ireland","Number","Motorways","2"
"2008","Ireland","Number","Urban roads","62"
"2008","Ireland","Number","Rural roads","216"
"2008","Greece","Number","Motorways","120"
"2008","Greece","Number","Urban roads","744"
"2008","Greece","Number","Rural roads","689"
"2008","Spain","Number","Motorways","487"
"2008","Spain","Number","Urban roads","634"
"2008","Spain","Number","Rural roads","1,977"
"2008","France","Number","Motorways","233"
"2008","France","Number","Urban roads","1,235"
"2008","France","Number","Rural roads","2,807"
"2008","Croatia","Number","Motorways","67"
"2008","Croatia","Number","Urban roads","414"
"2008","Croatia","Number","Rural roads","183"
"2008","Italy","Number","Motorways","452"
"2008","Italy","Number","Urban roads","2,070"
"2008","Italy","Number","Rural roads","2,203"
"2008","Cyprus","Number","Motorways","7"
"2008","Cyprus","Number","Urban roads","57"
"2008","Cyprus","Number","Rural roads","18"
"2008","Latvia","Number","Motorways","0"
"2008","Latvia","Number","Urban roads","97"
"2008","Latvia","Number","Rural roads","219"
"2008","Lithuania","Number","Motorways",":"
"2008","Lithuania","Number","Urban roads",":"
"2008","Lithuania","Number","Rural roads",":"
"2008","Luxembourg","Number","Motorways","6"
"2008","Luxembourg","Number","Urban roads","9"
"2008","Luxembourg","Number","Rural roads","20"
"2008","Hungary","Number","Motorways","54"
"2008","Hungary","Number","Urban roads","419"
"2008","Hungary","Number","Rural roads","523"
"2008","Malta","Number","Motorways","0"
"2008","Malta","Number","Urban roads","9"
"2008","Malta","Number","Rural roads","0"
"2008","Netherlands","Number","Motorways","0"
"2008","Netherlands","Number","Urban roads","243"
"2008","Netherlands","Number","Rural roads","431"
"2008","Austria","Number","Motorways","71"
"2008","Austria","Number","Urban roads","189"
"2008","Austria","Number","Rural roads","419"
"2008","Poland","Number","Motorways","35"
"2008","Poland","Number","Urban roads","2,499"
"2008","Poland","Number","Rural roads","2,903"
"2008","Portugal","Number","Motorways","96"
"2008","Portugal","Number","Urban roads","417"
"2008","Portugal","Number","Rural roads","372"
"2008","Romania","Number","Motorways","21"
"2008","Romania","Number","Urban roads","1,922"
"2008","Romania","Number","Rural roads","1,122"
"2008","Slovenia","Number","Motorways","13"
"2008","Slovenia","Number","Urban roads","73"
"2008","Slovenia","Number","Rural roads","128"
"2008","Slovakia","Number","Motorways","14"
"2008","Slovakia","Number","Urban roads","280"
"2008","Slovakia","Number","Rural roads","312"
"2008","Finland","Number","Motorways","9"
"2008","Finland","Number","Urban roads","108"
"2008","Finland","Number","Rural roads","227"
"2008","Sweden","Number","Motorways","15"
"2008","Sweden","Number","Urban roads","99"
"2008","Sweden","Number","Rural roads","281"
"2008","United Kingdom","Number","Motorways","157"
"2008","United Kingdom","Number","Urban roads","1,087"
"2008","United Kingdom","Number","Rural roads","1,401"
"2008","Iceland","Number","Motorways","0"
"2008","Iceland","Number","Urban roads","5"
"2008","Iceland","Number","Rural roads","7"
"2008","Liechtenstein","Number","Motorways",":"
"2008","Liechtenstein","Number","Urban roads",":"
"2008","Liechtenstein","Number","Rural roads",":"
"2008","Norway","Number","Motorways",":"
"2008","Norway","Number","Urban roads",":"
"2008","Norway","Number","Rural roads",":"
"2008","Switzerland","Number","Motorways","27"
"2008","Switzerland","Number","Urban roads","135"
"2008","Switzerland","Number","Rural roads","195"
"2009","Belgium","Number","Motorways","150"
"2009","Belgium","Number","Urban roads","257"
"2009","Belgium","Number","Rural roads","537"
"2009","Bulgaria","Number","Motorways","36"
"2009","Bulgaria","Number","Urban roads","312"
"2009","Bulgaria","Number","Rural roads","553"
"2009","Czech Republic","Number","Motorways","25"
"2009","Czech Republic","Number","Urban roads","329"
"2009","Czech Republic","Number","Rural roads","547"
"2009","Denmark","Number","Motorways","24"
"2009","Denmark","Number","Urban roads","92"
"2009","Denmark","Number","Rural roads","187"
"2009","Germany (until 1990 former territory of the FRG)","Number","Motorways","475"
"2009","Germany (until 1990 former territory of the FRG)","Number","Urban roads","1,225"
"2009","Germany (until 1990 former territory of the FRG)","Number","Rural roads","2,452"
"2009","Estonia","Number","Motorways","0"
"2009","Estonia","Number","Urban roads","19"
"2009","Estonia","Number","Rural roads","79"
"2009","Ireland","Number","Motorways","4"
"2009","Ireland","Number","Urban roads","56"
"2009","Ireland","Number","Rural roads","178"
"2009","Greece","Number","Motorways","108"
"2009","Greece","Number","Urban roads","646"
"2009","Greece","Number","Rural roads","702"
"2009","Spain","Number","Motorways","460"
"2009","Spain","Number","Urban roads","584"
"2009","Spain","Number","Rural roads","1,669"
"2009","France","Number","Motorways","225"
"2009","France","Number","Urban roads","1,252"
"2009","France","Number","Rural roads","2,796"
"2009","Croatia","Number","Motorways","43"
"2009","Croatia","Number","Urban roads","316"
"2009","Croatia","Number","Rural roads","189"
"2009","Italy","Number","Motorways","350"
"2009","Italy","Number","Urban roads","1,892"
"2009","Italy","Number","Rural roads","1,995"
"2009","Cyprus","Number","Motorways","7"
"2009","Cyprus","Number","Urban roads","42"
"2009","Cyprus","Number","Rural roads","22"
"2009","Latvia","Number","Motorways","0"
"2009","Latvia","Number","Urban roads","68"
"2009","Latvia","Number","Rural roads","186"
"2009","Lithuania","Number","Motorways",":"
"2009","Lithuania","Number","Urban roads",":"
"2009","Lithuania","Number","Rural roads",":"
"2009","Luxembourg","Number","Motorways","36"
"2009","Luxembourg","Number","Urban roads","10"
"2009","Luxembourg","Number","Rural roads","0"
"2009","Hungary","Number","Motorways","38"
"2009","Hungary","Number","Urban roads","301"
"2009","Hungary","Number","Rural roads","483"
"2009","Malta","Number","Motorways","0"
"2009","Malta","Number","Urban roads","15"
"2009","Malta","Number","Rural roads","0"
"2009","Netherlands","Number","Motorways","83"
"2009","Netherlands","Number","Urban roads","227"
"2009","Netherlands","Number","Rural roads","332"
"2009","Austria","Number","Motorways","61"
"2009","Austria","Number","Urban roads","173"
"2009","Austria","Number","Rural roads","399"
"2009","Poland","Number","Motorways","43"
"2009","Poland","Number","Urban roads","2,171"
"2009","Poland","Number","Rural roads","2,358"
"2009","Portugal","Number","Motorways","89"
"2009","Portugal","Number","Urban roads","386"
"2009","Portugal","Number","Rural roads","365"
"2009","Romania","Number","Motorways","25"
"2009","Romania","Number","Urban roads","1,756"
"2009","Romania","Number","Rural roads","1,015"
"2009","Slovenia","Number","Motorways","30"
"2009","Slovenia","Number","Urban roads","64"
"2009","Slovenia","Number","Rural roads","77"
"2009","Slovakia","Number","Motorways","9"
"2009","Slovakia","Number","Urban roads","176"
"2009","Slovakia","Number","Rural roads","199"
"2009","Finland","Number","Motorways","12"
"2009","Finland","Number","Urban roads","76"
"2009","Finland","Number","Rural roads","191"
"2009","Sweden","Number","Motorways","19"
"2009","Sweden","Number","Urban roads","89"
"2009","Sweden","Number","Rural roads","243"
"2009","United Kingdom","Number","Motorways","131"
"2009","United Kingdom","Number","Urban roads","1,000"
"2009","United Kingdom","Number","Rural roads","1,206"
"2009","Iceland","Number","Motorways","0"
"2009","Iceland","Number","Urban roads","5"
"2009","Iceland","Number","Rural roads","12"
"2009","Liechtenstein","Number","Motorways",":"
"2009","Liechtenstein","Number","Urban roads",":"
"2009","Liechtenstein","Number","Rural roads",":"
"2009","Norway","Number","Motorways","0"
"2009","Norway","Number","Urban roads","54"
"2009","Norway","Number","Rural roads","156"
"2009","Switzerland","Number","Motorways","34"
"2009","Switzerland","Number","Urban roads","137"
"2009","Switzerland","Number","Rural roads","178"
"2010","Belgium","Number","Motorways","106"
"2010","Belgium","Number","Urban roads","246"
"2010","Belgium","Number","Rural roads","488"
"2010","Bulgaria","Number","Motorways",":"
"2010","Bulgaria","Number","Urban roads",":"
"2010","Bulgaria","Number","Rural roads",":"
"2010","Czech Republic","Number","Motorways","28"
"2010","Czech Republic","Number","Urban roads","291"
"2010","Czech Republic","Number","Rural roads","483"
"2010","Denmark","Number","Motorways","26"
"2010","Denmark","Number","Urban roads","78"
"2010","Denmark","Number","Rural roads","151"
"2010","Germany (until 1990 former territory of the FRG)","Number","Motorways","430"
"2010","Germany (until 1990 former territory of the FRG)","Number","Urban roads","1,011"
"2010","Germany (until 1990 former territory of the FRG)","Number","Rural roads","2,207"
"2010","Estonia","Number","Motorways","0"
"2010","Estonia","Number","Urban roads","14"
"2010","Estonia","Number","Rural roads","65"
"2010","Ireland","Number","Motorways","8"
"2010","Ireland","Number","Urban roads","45"
"2010","Ireland","Number","Rural roads","159"
"2010","Greece","Number","Motorways","87"
"2010","Greece","Number","Urban roads","593"
"2010","Greece","Number","Rural roads","578"
"2010","Spain","Number","Motorways","413"
"2010","Spain","Number","Urban roads","550"
"2010","Spain","Number","Rural roads","1,516"
"2010","France","Number","Motorways","238"
"2010","France","Number","Urban roads","1,133"
"2010","France","Number","Rural roads","2,621"
"2010","Croatia","Number","Motorways","33"
"2010","Croatia","Number","Urban roads","265"
"2010","Croatia","Number","Rural roads","128"
"2010","Italy","Number","Motorways","376"
"2010","Italy","Number","Urban roads","1,782"
"2010","Italy","Number","Rural roads","1,956"
"2010","Cyprus","Number","Motorways","8"
"2010","Cyprus","Number","Urban roads","42"
"2010","Cyprus","Number","Rural roads","10"
"2010","Latvia","Number","Motorways","0"
"2010","Latvia","Number","Urban roads","78"
"2010","Latvia","Number","Rural roads","140"
"2010","Lithuania","Number","Motorways",":"
"2010","Lithuania","Number","Urban roads",":"
"2010","Lithuania","Number","Rural roads",":"
"2010","Luxembourg","Number","Motorways","29"
"2010","Luxembourg","Number","Urban roads","3"
"2010","Luxembourg","Number","Rural roads","0"
"2010","Hungary","Number","Motorways","44"
"2010","Hungary","Number","Urban roads","272"
"2010","Hungary","Number","Rural roads","424"
"2010","Malta","Number","Motorways","0"
"2010","Malta","Number","Urban roads","13"
"2010","Malta","Number","Rural roads","0"
"2010","Netherlands","Number","Motorways","63"
"2010","Netherlands","Number","Urban roads","199"
"2010","Netherlands","Number","Rural roads","254"
"2010","Austria","Number","Motorways","59"
"2010","Austria","Number","Urban roads","141"
"2010","Austria","Number","Rural roads","352"
"2010","Poland","Number","Motorways","28"
"2010","Poland","Number","Urban roads","1,813"
"2010","Poland","Number","Rural roads","2,067"
"2010","Portugal","Number","Motorways","111"
"2010","Portugal","Number","Urban roads","484"
"2010","Portugal","Number","Rural roads","342"
"2010","Romania","Number","Motorways","18"
"2010","Romania","Number","Urban roads","1,493"
"2010","Romania","Number","Rural roads","866"
"2010","Slovenia","Number","Motorways","19"
"2010","Slovenia","Number","Urban roads","60"
"2010","Slovenia","Number","Rural roads","59"
"2010","Slovakia","Number","Motorways","14"
"2010","Slovakia","Number","Urban roads","157"
"2010","Slovakia","Number","Rural roads","200"
"2010","Finland","Number","Motorways","4"
"2010","Finland","Number","Urban roads","63"
"2010","Finland","Number","Rural roads","205"
"2010","Sweden","Number","Motorways","23"
"2010","Sweden","Number","Urban roads","67"
"2010","Sweden","Number","Rural roads","170"
"2010","United Kingdom","Number","Motorways","112"
"2010","United Kingdom","Number","Urban roads","597"
"2010","United Kingdom","Number","Rural roads","1,196"
"2010","Iceland","Number","Motorways","0"
"2010","Iceland","Number","Urban roads","4"
"2010","Iceland","Number","Rural roads","4"
"2010","Liechtenstein","Number","Motorways","0"
"2010","Liechtenstein","Number","Urban roads","0"
"2010","Liechtenstein","Number","Rural roads","0"
"2010","Norway","Number","Motorways","0"
"2010","Norway","Number","Urban roads","34"
"2010","Norway","Number","Rural roads","166"
"2010","Switzerland","Number","Motorways","23"
"2010","Switzerland","Number","Urban roads","114"
"2010","Switzerland","Number","Rural roads","190"
"2011","Belgium","Number","Motorways","120"
"2011","Belgium","Number","Urban roads","281"
"2011","Belgium","Number","Rural roads","461"
"2011","Bulgaria","Number","Motorways",":"
"2011","Bulgaria","Number","Urban roads",":"
"2011","Bulgaria","Number","Rural roads",":"
"2011","Czech Republic","Number","Motorways","21"
"2011","Czech Republic","Number","Urban roads","280"
"2011","Czech Republic","Number","Rural roads","472"
"2011","Denmark","Number","Motorways","12"
"2011","Denmark","Number","Urban roads","69"
"2011","Denmark","Number","Rural roads","139"
"2011","Germany (until 1990 former territory of the FRG)","Number","Motorways","453"
"2011","Germany (until 1990 former territory of the FRG)","Number","Urban roads","1,115"
"2011","Germany (until 1990 former territory of the FRG)","Number","Rural roads","2,441"
"2011","Estonia","Number","Motorways","0"
"2011","Estonia","Number","Urban roads","25"
"2011","Estonia","Number","Rural roads","76"
"2011","Ireland","Number","Motorways","9"
"2011","Ireland","Number","Urban roads","38"
"2011","Ireland","Number","Rural roads","139"
"2011","Greece","Number","Motorways","81"
"2011","Greece","Number","Urban roads","559"
"2011","Greece","Number","Rural roads","501"
"2011","Spain","Number","Motorways","337"
"2011","Spain","Number","Urban roads","457"
"2011","Spain","Number","Rural roads","1,266"
"2011","France","Number","Motorways","268"
"2011","France","Number","Urban roads","1,096"
"2011","France","Number","Rural roads","2,599"
"2011","Croatia","Number","Motorways","23"
"2011","Croatia","Number","Urban roads","252"
"2011","Croatia","Number","Rural roads","143"
"2011","Italy","Number","Motorways","338"
"2011","Italy","Number","Urban roads","1,744"
"2011","Italy","Number","Rural roads","1,778"
"2011","Cyprus","Number","Motorways","7"
"2011","Cyprus","Number","Urban roads","40"
"2011","Cyprus","Number","Rural roads","24"
"2011","Latvia","Number","Motorways","0"
"2011","Latvia","Number","Urban roads","53"
"2011","Latvia","Number","Rural roads","126"
"2011","Lithuania","Number","Motorways",":"
"2011","Lithuania","Number","Urban roads",":"
"2011","Lithuania","Number","Rural roads",":"
"2011","Luxembourg","Number","Motorways","4"
"2011","Luxembourg","Number","Urban roads","7"
"2011","Luxembourg","Number","Rural roads","22"
"2011","Hungary","Number","Motorways","49"
"2011","Hungary","Number","Urban roads","234"
"2011","Hungary","Number","Rural roads","355"
"2011","Malta","Number","Motorways",":"
"2011","Malta","Number","Urban roads",":"
"2011","Malta","Number","Rural roads",":"
"2011","Netherlands","Number","Motorways","43"
"2011","Netherlands","Number","Urban roads","233"
"2011","Netherlands","Number","Rural roads","266"
"2011","Austria","Number","Motorways","46"
"2011","Austria","Number","Urban roads","139"
"2011","Austria","Number","Rural roads","338"
"2011","Poland","Number","Motorways","37"
"2011","Poland","Number","Urban roads","1,959"
"2011","Poland","Number","Rural roads","2,193"
"2011","Portugal","Number","Motorways","84"
"2011","Portugal","Number","Urban roads","487"
"2011","Portugal","Number","Rural roads","320"
"2011","Romania","Number","Motorways","16"
"2011","Romania","Number","Urban roads","1,271"
"2011","Romania","Number","Rural roads","731"
"2011","Slovenia","Number","Motorways","20"
"2011","Slovenia","Number","Urban roads","47"
"2011","Slovenia","Number","Rural roads","74"
"2011","Slovakia","Number","Motorways",":"
"2011","Slovakia","Number","Urban roads",":"
"2011","Slovakia","Number","Rural roads",":"
"2011","Finland","Number","Motorways","11"
"2011","Finland","Number","Urban roads","74"
"2011","Finland","Number","Rural roads","207"
"2011","Sweden","Number","Motorways","18"
"2011","Sweden","Number","Urban roads","80"
"2011","Sweden","Number","Rural roads","217"
"2011","United Kingdom","Number","Motorways","99"
"2011","United Kingdom","Number","Urban roads","645"
"2011","United Kingdom","Number","Rural roads","1,216"
"2011","Iceland","Number","Motorways","0"
"2011","Iceland","Number","Urban roads","3"
"2011","Iceland","Number","Rural roads","9"
"2011","Liechtenstein","Number","Motorways",":"
"2011","Liechtenstein","Number","Urban roads",":"
"2011","Liechtenstein","Number","Rural roads",":"
"2011","Norway","Number","Motorways","0"
"2011","Norway","Number","Urban roads","41"
"2011","Norway","Number","Rural roads","126"
"2011","Switzerland","Number","Motorways","22"
"2011","Switzerland","Number","Urban roads","133"
"2011","Switzerland","Number","Rural roads","165"
"2012","Belgium","Number","Motorways","88"
"2012","Belgium","Number","Urban roads","213"
"2012","Belgium","Number","Rural roads","469"
"2012","Bulgaria","Number","Motorways",":"
"2012","Bulgaria","Number","Urban roads",":"
"2012","Bulgaria","Number","Rural roads",":"
"2012","Czech Republic","Number","Motorways","22"
"2012","Czech Republic","Number","Urban roads","265"
"2012","Czech Republic","Number","Rural roads","455"
"2012","Denmark","Number","Motorways","8"
"2012","Denmark","Number","Urban roads","59"
"2012","Denmark","Number","Rural roads","100"
"2012","Germany (until 1990 former territory of the FRG)","Number","Motorways","387"
"2012","Germany (until 1990 former territory of the FRG)","Number","Urban roads","1,062"
"2012","Germany (until 1990 former territory of the FRG)","Number","Rural roads","2,151"
"2012","Estonia","Number","Motorways",":"
"2012","Estonia","Number","Urban roads",":"
"2012","Estonia","Number","Rural roads",":"
"2012","Ireland","Number","Motorways","5"
"2012","Ireland","Number","Urban roads","36"
"2012","Ireland","Number","Rural roads","121"
"2012","Greece","Number","Motorways","57"
"2012","Greece","Number","Urban roads","499"
"2012","Greece","Number","Rural roads","432"
"2012","Spain","Number","Motorways","298"
"2012","Spain","Number","Urban roads","461"
"2012","Spain","Number","Rural roads","1,143"
"2012","France","Number","Motorways","222"
"2012","France","Number","Urban roads","1,027"
"2012","France","Number","Rural roads","2,404"
"2012","Croatia","Number","Motorways","42"
"2012","Croatia","Number","Urban roads","230"
"2012","Croatia","Number","Rural roads","121"
"2012","Italy","Number","Motorways","330"
"2012","Italy","Number","Urban roads","1,602"
"2012","Italy","Number","Rural roads","1,821"
"2012","Cyprus","Number","Motorways","3"
"2012","Cyprus","Number","Urban roads","31"
"2012","Cyprus","Number","Rural roads","17"
"2012","Latvia","Number","Motorways","0"
"2012","Latvia","Number","Urban roads","53"
"2012","Latvia","Number","Rural roads","124"
"2012","Lithuania","Number","Motorways",":"
"2012","Lithuania","Number","Urban roads",":"
"2012","Lithuania","Number","Rural roads",":"
"2012","Luxembourg","Number","Motorways","7"
"2012","Luxembourg","Number","Urban roads","7"
"2012","Luxembourg","Number","Rural roads","20"
"2012","Hungary","Number","Motorways","31"
"2012","Hungary","Number","Urban roads","210"
"2012","Hungary","Number","Rural roads","364"
"2012","Malta","Number","Motorways",":"
"2012","Malta","Number","Urban roads",":"
"2012","Malta","Number","Rural roads",":"
"2012","Netherlands","Number","Motorways","68"
"2012","Netherlands","Number","Urban roads","208"
"2012","Netherlands","Number","Rural roads","280"
"2012","Austria","Number","Motorways","50"
"2012","Austria","Number","Urban roads","151"
"2012","Austria","Number","Rural roads","330"
"2012","Poland","Number","Motorways","44"
"2012","Poland","Number","Urban roads","1,652"
"2012","Poland","Number","Rural roads","1,875"
"2012","Portugal","Number","Motorways","58"
"2012","Portugal","Number","Urban roads","397"
"2012","Portugal","Number","Rural roads","263"
"2012","Romania","Number","Motorways","17"
"2012","Romania","Number","Urban roads","1,246"
"2012","Romania","Number","Rural roads","779"
"2012","Slovenia","Number","Motorways","20"
"2012","Slovenia","Number","Urban roads","42"
"2012","Slovenia","Number","Rural roads","68"
"2012","Slovakia","Number","Motorways",":"
"2012","Slovakia","Number","Urban roads",":"
"2012","Slovakia","Number","Rural roads",":"
"2012","Finland","Number","Motorways","13"
"2012","Finland","Number","Urban roads","56"
"2012","Finland","Number","Rural roads","186"
"2012","Sweden","Number","Motorways","16"
"2012","Sweden","Number","Urban roads","87"
"2012","Sweden","Number","Rural roads","178"
"2012","United Kingdom","Number","Motorways","84"
"2012","United Kingdom","Number","Urban roads","632"
"2012","United Kingdom","Number","Rural roads","1,086"
"2012","Iceland","Number","Motorways","0"
"2012","Iceland","Number","Urban roads","2"
"2012","Iceland","Number","Rural roads","7"
"2012","Liechtenstein","Number","Motorways",":"
"2012","Liechtenstein","Number","Urban roads",":"
"2012","Liechtenstein","Number","Rural roads",":"
"2012","Norway","Number","Motorways","0"
"2012","Norway","Number","Urban roads","0"
"2012","Norway","Number","Rural roads","0"
"2012","Switzerland","Number","Motorways","63"
"2012","Switzerland","Number","Urban roads","125"
"2012","Switzerland","Number","Rural roads","151"
"2013","Belgium","Number","Motorways","93"
"2013","Belgium","Number","Urban roads","179"
"2013","Belgium","Number","Rural roads","451"
"2013","Bulgaria","Number","Motorways",":"
"2013","Bulgaria","Number","Urban roads",":"
"2013","Bulgaria","Number","Rural roads",":"
"2013","Czech Republic","Number","Motorways","25"
"2013","Czech Republic","Number","Urban roads","241"
"2013","Czech Republic","Number","Rural roads","388"
"2013","Denmark","Number","Motorways","12"
"2013","Denmark","Number","Urban roads","59"
"2013","Denmark","Number","Rural roads","120"
"2013","Germany (until 1990 former territory of the FRG)","Number","Motorways","428"
"2013","Germany (until 1990 former territory of the FRG)","Number","Urban roads","977"
"2013","Germany (until 1990 former territory of the FRG)","Number","Rural roads","1,934"
"2013","Estonia","Number","Motorways",":"
"2013","Estonia","Number","Urban roads",":"
"2013","Estonia","Number","Rural roads",":"
"2013","Ireland","Number","Motorways","8"
"2013","Ireland","Number","Urban roads","35"
"2013","Ireland","Number","Rural roads","145"
"2013","Greece","Number","Motorways","79"
"2013","Greece","Number","Urban roads","464"
"2013","Greece","Number","Rural roads","336"
"2013","Spain","Number","Motorways","291"
"2013","Spain","Number","Urban roads","450"
"2013","Spain","Number","Rural roads","939"
"2013","France","Number","Motorways","238"
"2013","France","Number","Urban roads","932"
"2013","France","Number","Rural roads","2,098"
"2013","Croatia","Number","Motorways","38"
"2013","Croatia","Number","Urban roads","213"
"2013","Croatia","Number","Rural roads","117"
"2013","Italy","Number","Motorways","321"
"2013","Italy","Number","Urban roads","1,428"
"2013","Italy","Number","Rural roads","1,652"
"2013","Cyprus","Number","Motorways","2"
"2013","Cyprus","Number","Urban roads","30"
"2013","Cyprus","Number","Rural roads","12"
"2013","Latvia","Number","Motorways","0"
"2013","Latvia","Number","Urban roads","53"
"2013","Latvia","Number","Rural roads","126"
"2013","Lithuania","Number","Motorways","0"
"2013","Lithuania","Number","Urban roads","0"
"2013","Lithuania","Number","Rural roads","0"
"2013","Luxembourg","Number","Motorways","6"
"2013","Luxembourg","Number","Urban roads","15"
"2013","Luxembourg","Number","Rural roads","24"
"2013","Hungary","Number","Motorways","30"
"2013","Hungary","Number","Urban roads","232"
"2013","Hungary","Number","Rural roads","329"
"2013","Malta","Number","Motorways",":"
"2013","Malta","Number","Urban roads",":"
"2013","Malta","Number","Rural roads",":"
"2013","Netherlands","Number","Motorways","57"
"2013","Netherlands","Number","Urban roads","201"
"2013","Netherlands","Number","Rural roads","203"
"2013","Austria","Number","Motorways","31"
"2013","Austria","Number","Urban roads","115"
"2013","Austria","Number","Rural roads","309"
"2013","Poland","Number","Motorways","40"
"2013","Poland","Number","Urban roads","1,581"
"2013","Poland","Number","Rural roads","1,736"
"2013","Portugal","Number","Motorways","44"
"2013","Portugal","Number","Urban roads","352"
"2013","Portugal","Number","Rural roads","241"
"2013","Romania","Number","Motorways","24"
"2013","Romania","Number","Urban roads","1,160"
"2013","Romania","Number","Rural roads","677"
"2013","Slovenia","Number","Motorways","16"
"2013","Slovenia","Number","Urban roads","53"
"2013","Slovenia","Number","Rural roads","56"
"2013","Slovakia","Number","Motorways",":"
"2013","Slovakia","Number","Urban roads",":"
"2013","Slovakia","Number","Rural roads",":"
"2013","Finland","Number","Motorways","8"
"2013","Finland","Number","Urban roads","57"
"2013","Finland","Number","Rural roads","193"
"2013","Sweden","Number","Motorways","18"
"2013","Sweden","Number","Urban roads","55"
"2013","Sweden","Number","Rural roads","181"
"2013","United Kingdom","Number","Motorways","93"
"2013","United Kingdom","Number","Urban roads","553"
"2013","United Kingdom","Number","Rural roads","1,124"
"2013","Iceland","Number","Motorways","0"
"2013","Iceland","Number","Urban roads","4"
"2013","Iceland","Number","Rural roads","11"
"2013","Liechtenstein","Number","Motorways",":"
"2013","Liechtenstein","Number","Urban roads",":"
"2013","Liechtenstein","Number","Rural roads",":"
"2013","Norway","Number","Motorways","0"
"2013","Norway","Number","Urban roads","31"
"2013","Norway","Number","Rural roads","153"
"2013","Switzerland","Number","Motorways","23"
"2013","Switzerland","Number","Urban roads","113"
"2013","Switzerland","Number","Rural roads","133"
"2014","Belgium","Number","Motorways","105"
"2014","Belgium","Number","Urban roads","188"
"2014","Belgium","Number","Rural roads","420"
"2014","Bulgaria","Number","Motorways",":"
"2014","Bulgaria","Number","Urban roads",":"
"2014","Bulgaria","Number","Rural roads",":"
"2014","Czech Republic","Number","Motorways","23"
"2014","Czech Republic","Number","Urban roads","234"
"2014","Czech Republic","Number","Rural roads","431"
"2014","Denmark","Number","Motorways","14"
"2014","Denmark","Number","Urban roads","46"
"2014","Denmark","Number","Rural roads","122"
"2014","Germany (until 1990 former territory of the FRG)","Number","Motorways","375"
"2014","Germany (until 1990 former territory of the FRG)","Number","Urban roads","983"
"2014","Germany (until 1990 former territory of the FRG)","Number","Rural roads","2,019"
"2014","Estonia","Number","Motorways","0"
"2014","Estonia","Number","Urban roads","22"
"2014","Estonia","Number","Rural roads","56"
"2014","Ireland","Number","Motorways",":"
"2014","Ireland","Number","Urban roads",":"
"2014","Ireland","Number","Rural roads",":"
"2014","Greece","Number","Motorways","56"
"2014","Greece","Number","Urban roads","401"
"2014","Greece","Number","Rural roads","338"
"2014","Spain","Number","Motorways","290"
"2014","Spain","Number","Urban roads","441"
"2014","Spain","Number","Rural roads","957"
"2014","France","Number","Motorways","220"
"2014","France","Number","Urban roads","993"
"2014","France","Number","Rural roads","2,171"
"2014","Croatia","Number","Motorways","22"
"2014","Croatia","Number","Urban roads","191"
"2014","Croatia","Number","Rural roads","95"
"2014","Italy","Number","Motorways","287"
"2014","Italy","Number","Urban roads","1,505"
"2014","Italy","Number","Rural roads","1,589"
"2014","Cyprus","Number","Motorways","3"
"2014","Cyprus","Number","Urban roads","34"
"2014","Cyprus","Number","Rural roads","8"
"2014","Latvia","Number","Motorways","0"
"2014","Latvia","Number","Urban roads","69"
"2014","Latvia","Number","Rural roads","143"
"2014","Lithuania","Number","Motorways",":"
"2014","Lithuania","Number","Urban roads",":"
"2014","Lithuania","Number","Rural roads",":"
"2014","Luxembourg","Number","Motorways","3"
"2014","Luxembourg","Number","Urban roads","9"
"2014","Luxembourg","Number","Rural roads","23"
"2014","Hungary","Number","Motorways","27"
"2014","Hungary","Number","Urban roads","237"
"2014","Hungary","Number","Rural roads","362"
"2014","Malta","Number","Motorways",":"
"2014","Malta","Number","Urban roads",":"
"2014","Malta","Number","Rural roads",":"
"2014","Netherlands","Number","Motorways","57"
"2014","Netherlands","Number","Urban roads","158"
"2014","Netherlands","Number","Rural roads","205"
"2014","Austria","Number","Motorways","36"
"2014","Austria","Number","Urban roads","123"
"2014","Austria","Number","Rural roads","271"
"2014","Poland","Number","Motorways","56"
"2014","Poland","Number","Urban roads","1,466"
"2014","Poland","Number","Rural roads","1,680"
"2014","Portugal","Number","Motorways","50"
"2014","Portugal","Number","Urban roads","347"
"2014","Portugal","Number","Rural roads","241"
"2014","Romania","Number","Motorways","21"
"2014","Romania","Number","Urban roads","1,146"
"2014","Romania","Number","Rural roads","651"
"2014","Slovenia","Number","Motorways",":"
"2014","Slovenia","Number","Urban roads",":"
"2014","Slovenia","Number","Rural roads",":"
"2014","Slovakia","Number","Motorways",":"
"2014","Slovakia","Number","Urban roads",":"
"2014","Slovakia","Number","Rural roads",":"
"2014","Finland","Number","Motorways","8"
"2014","Finland","Number","Urban roads","62"
"2014","Finland","Number","Rural roads","159"
"2014","Sweden","Number","Motorways","31"
"2014","Sweden","Number","Urban roads","67"
"2014","Sweden","Number","Rural roads","158"
"2014","United Kingdom","Number","Motorways","81"
"2014","United Kingdom","Number","Urban roads","631"
"2014","United Kingdom","Number","Rural roads","1,142"
"2014","Iceland","Number","Motorways","0"
"2014","Iceland","Number","Urban roads","0"
"2014","Iceland","Number","Rural roads","4"
"2014","Liechtenstein","Number","Motorways",":"
"2014","Liechtenstein","Number","Urban roads",":"
"2014","Liechtenstein","Number","Rural roads",":"
"2014","Norway","Number","Motorways","0"
"2014","Norway","Number","Urban roads","30"
"2014","Norway","Number","Rural roads","117"
"2014","Switzerland","Number","Motorways","12"
"2014","Switzerland","Number","Urban roads","93"
"2014","Switzerland","Number","Rural roads","138"
"2015","Belgium","Number","Motorways",":"
"2015","Belgium","Number","Urban roads",":"
"2015","Belgium","Number","Rural roads",":"
"2015","Bulgaria","Number","Motorways",":"
"2015","Bulgaria","Number","Urban roads",":"
"2015","Bulgaria","Number","Rural roads",":"
"2015","Czech Republic","Number","Motorways",":"
"2015","Czech Republic","Number","Urban roads",":"
"2015","Czech Republic","Number","Rural roads",":"
"2015","Denmark","Number","Motorways",":"
"2015","Denmark","Number","Urban roads",":"
"2015","Denmark","Number","Rural roads",":"
"2015","Germany (until 1990 former territory of the FRG)","Number","Motorways","414"
"2015","Germany (until 1990 former territory of the FRG)","Number","Urban roads","1,048"
"2015","Germany (until 1990 former territory of the FRG)","Number","Rural roads","1,997"
"2015","Estonia","Number","Motorways",":"
"2015","Estonia","Number","Urban roads",":"
"2015","Estonia","Number","Rural roads",":"
"2015","Ireland","Number","Motorways",":"
"2015","Ireland","Number","Urban roads",":"
"2015","Ireland","Number","Rural roads",":"
"2015","Greece","Number","Motorways",":"
"2015","Greece","Number","Urban roads",":"
"2015","Greece","Number","Rural roads",":"
"2015","Spain","Number","Motorways",":"
"2015","Spain","Number","Urban roads",":"
"2015","Spain","Number","Rural roads",":"
"2015","France","Number","Motorways",":"
"2015","France","Number","Urban roads",":"
"2015","France","Number","Rural roads",":"
"2015","Croatia","Number","Motorways","16"
"2015","Croatia","Number","Urban roads","220"
"2015","Croatia","Number","Rural roads","112"
"2015","Italy","Number","Motorways",":"
"2015","Italy","Number","Urban roads",":"
"2015","Italy","Number","Rural roads",":"
"2015","Cyprus","Number","Motorways","6"
"2015","Cyprus","Number","Urban roads","37"
"2015","Cyprus","Number","Rural roads","14"
"2015","Latvia","Number","Motorways","0"
"2015","Latvia","Number","Urban roads","44"
"2015","Latvia","Number","Rural roads","144"
"2015","Lithuania","Number","Motorways",":"
"2015","Lithuania","Number","Urban roads",":"
"2015","Lithuania","Number","Rural roads",":"
"2015","Luxembourg","Number","Motorways","3"
"2015","Luxembourg","Number","Urban roads","5"
"2015","Luxembourg","Number","Rural roads","28"
"2015","Hungary","Number","Motorways",":"
"2015","Hungary","Number","Urban roads",":"
"2015","Hungary","Number","Rural roads",":"
"2015","Malta","Number","Motorways",":"
"2015","Malta","Number","Urban roads",":"
"2015","Malta","Number","Rural roads",":"
"2015","Netherlands","Number","Motorways","79"
"2015","Netherlands","Number","Urban roads","126"
"2015","Netherlands","Number","Rural roads","305"
"2015","Austria","Number","Motorways","41"
"2015","Austria","Number","Urban roads","128"
"2015","Austria","Number","Rural roads","310"
"2015","Poland","Number","Motorways",":"
"2015","Poland","Number","Urban roads",":"
"2015","Poland","Number","Rural roads",":"
"2015","Portugal","Number","Motorways",":"
"2015","Portugal","Number","Urban roads",":"
"2015","Portugal","Number","Rural roads",":"
"2015","Romania","Number","Motorways","19"
"2015","Romania","Number","Urban roads","1,154"
"2015","Romania","Number","Rural roads","720"
"2015","Slovenia","Number","Motorways",":"
"2015","Slovenia","Number","Urban roads",":"
"2015","Slovenia","Number","Rural roads",":"
"2015","Slovakia","Number","Motorways",":"
"2015","Slovakia","Number","Urban roads",":"
"2015","Slovakia","Number","Rural roads",":"
"2015","Finland","Number","Motorways","6"
"2015","Finland","Number","Urban roads","73"
"2015","Finland","Number","Rural roads","187"
"2015","Sweden","Number","Motorways",":"
"2015","Sweden","Number","Urban roads",":"
"2015","Sweden","Number","Rural roads",":"
"2015","United Kingdom","Number","Motorways",":"
"2015","United Kingdom","Number","Urban roads",":"
"2015","United Kingdom","Number","Rural roads",":"
"2015","Iceland","Number","Motorways","0"
"2015","Iceland","Number","Urban roads","3"
"2015","Iceland","Number","Rural roads","13"
"2015","Liechtenstein","Number","Motorways",":"
"2015","Liechtenstein","Number","Urban roads",":"
"2015","Liechtenstein","Number","Rural roads",":"
"2015","Norway","Number","Motorways","0"
"2015","Norway","Number","Urban roads","22"
"2015","Norway","Number","Rural roads","95"
"2015","Switzerland","Number","Motorways","21"
"2015","Switzerland","Number","Urban roads","119"
"2015","Switzerland","Number","Rural roads","113"
